Name,Date of Birth,Phone,Address,Credit Card,Email
Jeronimo Saldana Vera,1964-06-09,(+31) 410 594 54 51,"Esc. 291 Masía Marisol s/n., Tarrasa, Can 16199",4581039857763,desire@example.com
Samuel Cortez Rolon,1983-03-03,(+22) 387 359 50 59,"Esc. 510 Senda Catalina, 2 Esc. 753, Vigo, Nav 02134",4180329788965777,latrice.collier@example.net
Rocio Urias Lopez,1992-11-02,(+25) 738 915 12 84,"Aldea Pilar Sáenz, 5, Calahorra, Leo 21790",4316228539553,carmelo.purdy@example.com
Andres Saenz Garay,1963-01-24,(+95) 368 418 79 82,"Puerta 293 Extrarradio Blanca s/n. Puerta 447, Badalona, Vas 79337",4864228155432176,sebastian.reichel@example.net
Alfredo Sandoval Llamas,1963-09-13,(+72) 478 387 38 96,"Puerta 308 Entrada Martín Colunga 84, Cáceres, Com 98976",4313749980632679,celina@example.org
Timoteo Vargas Bravo,1977-03-19,(+55) 223 855 20 65,"Puerta 285 Bloque Luz s/n., Molina de Segura, Bal 29836",4503073956908447,emelina_lesch@example.com
Pedro Calderon Barrios,1996-12-06,(+89) 503 780 87 51,"Sector Julio César s/n., Ferrol, Ext 75859",4722568188366,sharmaine_dooley@example.com
Elena Sauceda Bravo,1998-02-20,(+82) 894 338 99 62,"Puerta 862 Huerta Antonia Bonilla 9 Puerta 363, El Puerto de Santa María, Vas 14037",4880456666313,kristian.pacocha@example.org
Rafael Altamirano Ortega,1958-04-15,(+62) 360 574 41 38,"Terrenos Roberto Reséndez 66, Tarrasa, Can 80813",4814532801222,esteban.bailey@example.org
Marco Antonio Cornejo Portillo,1984-04-27,(+26) 558 747 25 77,"Puerta 506 Mercado Germán Rubio, 4 Puerta 179, Alcoy, Nav 92445",4775518427227,guillermo_larson@example.com
Hugo Laboy Ibarra,1954-09-07,(+83) 269 415 93 80,"Entrada Elvira Jaramillo s/n., Lérida, Com 18744",4485207105452327,damian_swift@example.net
Estela Espinosa Solorzano,1983-11-27,(+34) 918 391 26 87,"Barranco Luisa Jimínez 1, Palencia, Vas 50232",4161356570480163,sabra.kshlerin@example.com
Elena Sandoval Villalobos,1995-02-01,(+23) 431 717 78 75,"Esc. 266 Riera Susana s/n. Esc. 231, Santa Lucía de Tirajana, Leo 84772",4329708598095770,fidela@example.org
Jeronimo Leon Jiminez,1959-04-12,(+54) 563 830 55 98,"Plaza Norma s/n., Parla, Com 37804",4566898018586342,lee_windler@example.net
Cristobal Robles Carmona,1958-03-11,(+95) 155 204 70 81,"Puerta 378 Senda Débora 46, Estepona, And 59189",4852139252499980,doug@example.org
Sr Sara Muniz Menendez,2000-08-26,(+41) 519 231 24 79,"Puerta 423 Glorieta Francisco 29, Ferrol, Leo 54694",4851275793935,alise_bogan@example.com
Alicia Aragon Baez,2002-06-28,(+18) 296 379 94 84,"Senda Mónica 59 Esc. 321, Huelva, Bal 13215",4746824990860680,danica@example.org
Alfonso Altamirano Ibarra,1977-01-23,(+54) 965 853 91 56,"Prolongación Andrea Adame, 2 Puerta 192, Almería, Mad 37757",4843903732720071,johnnie@example.com
Julio Noriega Sosa,1954-08-19,(+21) 967 810 80 68,"Puerta 909 Arroyo Horacio Mayorga s/n., Puertollano, Cbr 37877",4337330871932,kayla@example.net
Francisco Olivera Dominguez,2000-04-04,(+68) 724 912 67 24,"Calle Micaela Pelayo 40, Móstoles, Leo 26761",4473794595921,glen_langworth@example.com
Sr Natalia Barrios Acuna,1971-09-28,(+73) 228 361 38 21,"Esc. 426 Aldea Miguel Ángel s/n., Lérida, And 12833",4117729481008163,felix_gorczany@example.com
Conchita Munoz Ceja,1982-06-24,(+17) 946 436 77 83,"Puerta 275 Explanada Rodrigo 7, Marbella, Nav 39707",4859769706510371,bee@example.com
Alfredo Urbina Zapata,1967-06-28,(+61) 980 827 80 46,"Puerta 229 Municipio Alfredo, 94, Puertollano, Com 63427",4166386134394,justin@example.com
Sr Ramiro Rodriquez Vera,1981-07-20,(+52) 506 847 56 25,"Carretera Gonzalo, 6 Puerta 188, Cuenta, Nav 60818",4192108720228395,rossana@example.com
Victoria Tello Carranza,1966-05-12,(+71) 776 125 50 41,"Colegio Joaquín s/n., Chiclana de la Frontera, Ast 20881",4616771765364207,gayla_koelpin@example.org
Conchita Gallardo Miramontes,1954-02-14,(+26) 801 506 37 11,"Puerta 271 Torrente Cecilia Aranda 70 Esc. 772, Granollers, Ara 93800",4344281983735674,kasha_beer@example.net
Maria Eugenia Castillo Jaramillo,1974-11-03,(+64) 847 190 98 61,"Explanada Victoria Arriaga s/n. Esc. 775, Mijas, Ara 41157",4785772566265267,lynsey@example.net
Rosario Peralta Cortes,1974-06-13,(+34) 371 453 76 85,"Esc. 981 Parcela Guillermina Guillen, 73 Esc. 369, Logroño, Mur 73002",4976234957576,peter@example.org
Guillermina Amador Mercado,1960-09-25,(+19) 156 823 89 94,"Explanada Alfredo Acevedo, 3, Valencia, Cat 88759",4765190958649,perry.kemmer@example.com
Rodrigo Martinez Gamboa,1979-08-19,(+47) 442 519 51 64,"Lugar Rosalia Caraballo 4, Torrelavega, Cat 36688",4477737238184934,tifany@example.net
Timoteo Jaime Partida,1981-01-25,(+52) 298 700 87 52,"Esc. 202 Mercado Jerónimo Gurule 33, Valladolid, Gal 94162",4152918412367,emerson_mclaughlin@example.org
Clemente Mares Perez,2003-03-03,(+90) 541 797 80 10,"Esc. 540 Paseo Luis 54 Puerta 384, Castellón de la Plana, Leo 22490",4570050172944263,virgie_durgan@example.org
Sara Baez Montez,1979-04-08,(+98) 738 364 98 21,"Puerta 116 Apartamento Pedro Rodríguez, 97, Granada, And 47137",4506951603010,denisse@example.net
Sta Jose Maria Ruelas Delafuente,1985-05-07,(+53) 803 480 15 17,"Conjunto Rosalia 89, Talavera de la Reina, Com 32958",4595008220985,adele.schultz@example.org
Santiago Carrera Vallejo,1996-10-18,(+89) 325 776 46 23,"Puerta 677 Terrenos Mateo s/n. Esc. 392, Santa Lucía de Tirajana, Leo 22374",4755311537370876,tasha.doyle@example.com
Luisa Nunez Lira,1977-09-01,(+18) 743 191 23 33,"Puerta 573 Urbanización Guillermina 78 Esc. 180, Fuengirola, Ext 78552",4652079350074,mario.haag@example.org
Fernando Tovar Urbina,1973-06-28,(+43) 689 820 37 71,"Salida Soledad Madera, 66, Hospitalet de LLobregat, Leo 59403",4470843628836,lemuel.cummings@example.org
Sra Gerardo Lerma Zuniga,1987-04-21,(+26) 519 488 27 81,"Camino Ana María, 87 Puerta 810, Mataró, Leo 94738",4972083209611443,ambrose@example.org
Sra Francisca Razo Barajas,1997-06-05,(+29) 854 715 85 83,"Huerta Elsa, 1, Jaén, Leo 60199",4537739670642229,joanna@example.org
Oscar Guzman Rael,1992-08-06,(+59) 676 173 19 61,"Puerta 910 Ramal Julia s/n., Santa Lucía de Tirajana, Ext 27678",4871157152193237,dexter@example.com
Jose Maria Tejeda Casas,1967-07-28,(+46) 301 367 19 85,"Urbanización Mayte 8, Madrid, Man 19319",4439214103224,van.hauck@example.org
Sta Raul Alonzo Valle,1998-07-02,(+26) 347 259 87 88,"Esc. 392 Pasaje Jerónimo Solorio 3 Esc. 144, Reus, Cbr 80377",4719104297685,wonda@example.net
Sr Gilberto Zepeda Tijerina,1973-12-30,(+29) 256 265 58 56,"Ramal Reina 40 Esc. 873, Gerona, Ext 65557",4984978792837,erasmo@example.com
Sta Florencia Tamez Maestas,1964-12-24,(+80) 775 792 96 67,"Grupo Horacio Espinoza, 9 Esc. 509, San Sebastián, Rio 65714",4338079443560,laurie.thiel@example.net
Esperanza Sotelo Roldan,1953-12-09,(+10) 119 958 26 50,"Puerta 799 Glorieta Gloria Villareal 4 Esc. 791, Móstoles, Leo 58970",4978002110131,maurice@example.org
Benjamin Curiel Tellez,1984-08-07,(+83) 107 192 45 57,"Carretera Mercedes Verdugo 89, Santiago de Compostela, Mur 67203",4917876028188214,damon@example.net
Marilu Carrasquillo Tejeda,1985-06-17,(+59) 541 417 77 15,"Esc. 998 Puerta Rosalia, 1 Puerta 918, Palma de Mallorca, Cat 23379",4999532920211,stefan_murazik@example.net
Sra Alfonso Jaquez Montanez,1992-12-20,(+52) 772 135 30 81,"Conjunto Fernando 9 Esc. 857, Parla, Can 11889",4351212759483611,charline.moore@example.com
Julia Figueroa Renteria,1968-05-26,(+76) 597 861 51 41,"Senda Salvador Palomino 7, Jerez de la Frontera, And 64994",4277875744088,diego.rosenbaum@example.com
Claudio Montanez Ayala,1971-11-23,(+71) 410 631 41 87,"Monte Julio 5, Orense, Mad 78799",4941057238188191,alejandro.koepp@example.com
Jorge Luis Sarabia Vega,1977-04-25,(+88) 548 766 27 61,"Puerta 663 Puente Francisca Arreola s/n., Elda, Ast 35105",4155379430462989,michal@example.com
Margarita Sedillo Mora,1993-01-30,(+72) 510 907 71 56,"Barrio Ariadna, 1 Esc. 623, Puertollano, Ext 67658",4812663804931256,teresia.brakus@example.org
Antonia Garica Armenta,1999-11-25,(+99) 583 897 77 76,"Terrenos Santiago, 3, Gerona, Leo 62972",4486478502716,america@example.com
Sr Rosalia Escamilla Tovar,2000-06-09,(+67) 192 882 62 62,"Poblado Mateo Valenzuela 52, Logroño, Can 07288",4632166018347,modesto.wilkinson@example.com
Yolanda Teran Medrano,1956-03-04,(+59) 559 198 65 96,"Puerta 868 Arroyo Lucas s/n., Las Palmas de Gran Canaria, Mur 61001",4672580586222,charles@example.com
Sta Gabriel Caban Ibarra,2001-11-24,(+70) 274 342 83 63,"Puerta 619 Senda Lucia, 9 Esc. 620, Viladecans, Ast 06309",4939424435654819,harvey@example.org
Silvia Urrutia Baeza,2002-09-01,(+68) 835 138 87 28,"Colegio Virginia, 9 Puerta 996, Ciudad Real, Mad 93344",4598962492152,alonzo@example.net
Elsa Heredia Lerma,1985-12-08,(+79) 256 682 81 53,"Esc. 580 Grupo Concepción Méndez, 19 Puerta 273, Salamanca, Rio 32423",4384449403298,luther@example.com
Maria Elena Escamilla Navarro,2002-09-06,(+60) 216 199 43 78,"Esc. 324 Huerta Andrés Gonzales, 7 Esc. 107, Hospitalet de LLobregat, Nav 65064",4653924487611447,harlan@example.org
Gonzalo Ortiz Muro,2000-02-14,(+50) 293 876 36 96,"Subida José Luis Caballero, 46 Puerta 441, Benidorm, Ext 14640",4476922711044398,lloyd@example.org
Sta Gonzalo Bravo Valdez,1962-07-08,(+63) 219 291 18 54,"Esc. 609 Apartamento Julio Rivera s/n., Mataró, Ext 80403",4458975973203,dirk@example.org
Dorotea Navarro Najera,1985-06-29,(+17) 340 564 77 36,"Puerta 427 Solar Inés Prieto 89 Esc. 417, Córdoba, Nav 12405",4969048098174,serita.hodkiewicz@example.net
Barbara Ozuna Collado,1986-06-14,(+83) 443 365 60 67,"Esc. 881 Partida Joaquín Zavala 17, Segovia, Ast 84483",4352497278359,quinton.torphy@example.org
Patricio Orta Nino,1958-02-24,(+87) 158 131 66 90,"Puerta 824 Gran Subida Francisco 45 Puerta 741, Pontevedra, Vas 63347",4327051337890,elayne.rosenbaum@example.com
Leticia Zamudio Mercado,1958-03-18,(+67) 580 375 98 67,"Puerta 899 Prolongación Carolina, 75 Esc. 600, Pontevedra, Ara 54358",4401754115299,karine@example.com
Maria del Carmen Reyes Rael,1967-03-01,(+20) 515 110 34 97,"Puerta 524 Rambla Diego, 5, Pozuelo de Alarcón, Ext 14807",4811078581770,patricia@example.com
Esteban Delrio Vasquez,1957-06-14,(+98) 818 244 25 22,"Puerta 961 Poblado Manuel, 1, Badalona, Cbr 87978",4921807439602,lincoln@example.org
Josefina Cuellar Abreu,1957-07-26,(+24) 831 654 60 50,"Esc. 375 Extrarradio Florencia Raya 6, El Ejido, Ext 82968",4834540685378027,aron.schinner@example.net
Mariano Amaya Banda,1953-10-20,(+37) 542 523 44 76,"Puerta 757 Pasaje Virginia 83, Hospitalet de LLobregat, Vas 90816",4425411151227764,lenore@example.net
Leticia Najera Gaona,1957-04-29,(+27) 695 192 63 28,"Sector María Eugenia, 95 Esc. 863, Santa Cruz de Tenerife, Mad 00999",4307124550307,lakeshia@example.org
Pedro Nieto Correa,1954-03-21,(+33) 952 761 74 35,"Puerta 265 Colegio Leonor 33 Puerta 811, Jerez de la Frontera, And 92234",4932871667135,theo_bernhard@example.net
Federico Curiel Delao,2002-10-26,(+52) 738 560 23 78,"Entrada Jaime Curiel s/n., Jaén, Ext 47224",4808969586114110,nolan@example.com
Amalia Apodaca Jimenez,1976-10-06,(+95) 445 233 77 77,"Pasaje Ramiro Tejada 76 Esc. 740, Telde, Man 01617",4828425172772,richard_cassin@example.net
Alberto Nino Collazo,1972-01-02,(+78) 333 427 86 14,"Puerta 351 Municipio Micaela 54, Fuenlabrada, Leo 25957",4489775610829912,shonda@example.net
Benjamin Roque Rodrigez,1994-08-06,(+97) 619 964 14 42,"Escalinata Andrés, 6, Mataró, Can 48676",4334282643328,britni.ziemann@example.org
Sr Marcela Rendon Munguia,1986-01-23,(+11) 759 975 73 84,"Puerta 293 Riera Marisol 28, Pamplona, Ast 49041",4333660986874163,xiao@example.net
Sara Mares Rael,1957-07-20,(+19) 665 834 38 66,"Esc. 675 Sección Norma Aguilera, 16, Chiclana de la Frontera, Can 08774",4958840556687,harvey@example.org
Sta Diana Pina Renteria,1956-08-23,(+13) 776 884 25 22,"Esc. 133 Rua Hugo 4, Zaragoza, Nav 69458",4983619384135851,rudy@example.com
Esteban Armenta Vazquez,1989-11-03,(+31) 510 755 45 85,"Esc. 893 Grupo Ariadna Bahena 86 Puerta 830, San Sebastían de los Reyes, Can 72073",4513854425566,francesco@example.org
Armando Almanza Padilla,2001-04-23,(+13) 173 685 87 18,"Puerta 611 Arroyo Gregorio, 5 Puerta 381, Sanlúcar de Barrameda, Bal 11080",4191331610541005,mason_hansen@example.org
Marisol Villasenor Mata,1959-12-12,(+22) 690 444 74 38,"Puerta 653 Glorieta Barbara Cintrón 57 Puerta 827, Irún, Leo 32547",4952546389527,zane.bogan@example.net
Sr Oscar Banda Sotelo,1973-03-10,(+91) 206 821 64 36,"Esc. 720 Colonia Jacobo Verdugo, 7, Murcia, Mad 56575",4860865694262,morgan@example.com
Ana Gallardo Alanis,1968-07-10,(+81) 381 231 51 42,"Senda Catalina 62 Esc. 662, Rivas-Vaciamadrid, Cat 31430",4346824140328731,carmine@example.net
Pedro Cerda Vergara,1999-10-22,(+79) 256 147 63 92,"Camino Josefina, 88 Esc. 350, Barcelona, Nav 63464",4356486662657611,letisha@example.org
Dolores Rodriquez Valladares,1969-06-04,(+62) 253 212 20 30,"Puerta 579 Vía Luz 2 Esc. 902, Santa Lucía de Tirajana, And 46990",4148841826284707,sophie_collier@example.com
Luisa Pedroza Casarez,1963-08-09,(+99) 140 662 19 84,"Bajada Gustavo Negrete 4 Esc. 993, Zaragoza, Ast 38097",4859725649075492,randall_deckow@example.org
Sr Lourdes Dominguez Montez,1996-11-20,(+82) 575 945 74 99,"Polígono Virginia s/n., Badalona, Gal 96935",4860815976900,merry@example.net
Miguel Angel Meza Perea,1961-12-18,(+42) 189 439 54 25,"Pasaje Débora, 7 Puerta 355, Burgos, Gal 64173",4379928343791,melva_watsica@example.com
Rosario Varela Carreon,1985-04-16,(+57) 610 758 40 76,"Vía Pública Carolina 29, Ferrol, Leo 41962",4484964321170,perry_reinger@example.com
Claudia Lemus Alonzo,1955-01-01,(+23) 936 176 90 49,"Esc. 930 Edificio Ernesto Zepeda, 9, Oviedo, Can 14891",4631428242412007,anderson.morar@example.net
Pedro Palomo Jaramillo,1979-05-14,(+32) 959 659 52 99,"Puerta 367 Puerta Javier, 42, Alcoy, Mur 81115",4516583049086766,olin_hammes@example.net
Soledad Vera Zarate,1952-08-04,(+33) 829 194 10 66,"Esc. 746 Masía Mario, 44 Esc. 721, Badalona, And 86267",4303448131932,jasper@example.org
Leonor Robles Rodarte,1976-07-12,(+81) 857 105 29 47,"Puerta 219 Colonia Lorenzo Griego, 30, Linares, Bal 07278",4558091888381,benito.macejkovic@example.net
Patricia Berrios Almanza,1980-04-20,(+63) 267 677 50 39,"Bloque Lourdes Muñoz s/n., Málaga, Gal 59553",4599742632869,salvador.turcotte@example.net
Victoria Carrero Amador,1969-11-06,(+51) 715 944 62 52,"Puerta 520 Entrada Rodrigo Flores s/n., Santa Cruz de Tenerife, Mad 95739",4740316599346,roosevelt.schimmel@example.net
Virginia Avalos Enriquez,1962-08-07,(+40) 306 844 84 54,"Explanada Gerardo 5, Alcalá de Guadaira, Can 38500",4896681193941313,patricia.stoltenberg@example.org
Gabriel Cordova Abreu,1984-06-15,(+63) 241 786 24 17,"Rincón Rodrigo, 75, Vigo, Man 52423",4304817432852046,devon@example.com
Alfonso Lovato Estevez,1969-08-12,(+72) 861 232 42 48,"Lado Pablo s/n. Esc. 576, Oviedo, Leo 81720",4198918871557,ressie.haag@example.net
Sra Rosario Meraz Guardado,1997-06-28,(+48) 863 581 11 62,"Esc. 331 Edificio Sancho 66, Cuenta, And 51455",4596083153539,hiram@example.com
Martin Vanegas Peralta,1994-01-30,(+97) 751 187 22 73,"Esc. 649 Carretera Fernando 4 Puerta 837, Lorca, Bal 06011",4976900352128,boris_huel@example.org
Blanca Crespo Cadena,1969-05-18,(+33) 824 873 20 17,"Puerta 442 Barranco Sofia Angulo 8, Motril, Ara 99431",4165766460210650,dee_cole@example.org
Jose Eduardo Murillo Olivo,1985-07-30,(+60) 443 894 86 40,"Gran Subida Diego s/n., Tarrasa, Rio 93954",4647015957415994,nereida@example.org
Lola Romo Preciado,1998-04-04,(+43) 680 742 76 33,"Esc. 939 Manzana Esperanza Valladares s/n., Guadalajara, Mur 07858",4856532297570,audry.davis@example.net
Sra Joaquin Perez Trevino,1990-07-07,(+86) 606 338 75 44,"Esc. 665 Muelle Santiago s/n., Tarrasa, Bal 61637",4224663126993788,belva@example.com
Federico Olmos Fernandez,1959-02-25,(+76) 467 441 19 22,"Barrio Salvador, 79 Esc. 788, Talavera de la Reina, Com 43692",4665085817944,karima_prosacco@example.org
Hugo Segura Delao,1995-03-16,(+25) 333 739 28 25,"Extrarradio Eduardo Núñez, 7, Calahorra, Nav 95051",4592257823106,shantae_collier@example.net
Guillermina Ozuna Cuellar,1953-08-18,(+53) 718 853 15 32,"Salida Alejandro Montaño, 46, Telde, Bal 07662",4983612220049,madonna@example.net
Gabriel Olmos Atencio,1977-10-06,(+79) 713 774 77 50,"Parque María del Carmen, 46, Valladolid, And 84122",4382611772417,selma_herman@example.com
Rosalia Fierro Figueroa,1976-08-14,(+69) 166 518 57 44,"Esc. 473 Prolongación Horacio s/n. Puerta 411, Tarragona, Man 63072",4733978734178,laure@example.org
Ana Luisa Zamora Trejo,1975-03-10,(+19) 262 102 28 16,"Esc. 422 Lado Timoteo Tello s/n. Puerta 868, León, Cat 31907",4507205695943,ned@example.org
Berta Raya Meraz,1995-12-21,(+38) 809 726 34 88,"Edificio Adán Carrion 3 Puerta 359, Gecho, Leo 98291",4694758636571,glenn_zieme@example.net
Cristobal Pelayo Serna,1985-12-03,(+59) 916 861 83 28,"Chalet Salvador Villegas, 34 Esc. 111, Las Palmas de Gran Canaria, Mur 46881",4950202079261701,dannie_mitchell@example.org
Cristobal Aparicio Murillo,1997-06-15,(+16) 457 659 94 76,"Monte Sancho Prado s/n. Puerta 786, Elda, Vas 30560",4752504347561105,eli@example.net
Natalia Venegas Patino,1997-03-12,(+34) 956 212 86 77,"Puerta 112 Colegio Caridad Lira 3, Coslada, Bal 56445",4727747536405681,tyrell@example.org
Natalia Aleman Maldonado,1985-10-15,(+45) 316 494 80 97,"Jardines Isabel Peres 84, Torremolinos, Rio 13465",4988933242072601,fredericka@example.com
Graciela Sandoval Rascon,1990-10-28,(+84) 613 658 78 78,"Sección Benito 21, Lugo, Cbr 93372",4802148319783469,caleb@example.net
Sta Marco Antonio Maestas Irizarry,1973-05-01,(+43) 600 750 16 60,"Poblado Víctor Barela 1 Esc. 165, Castellón de la Plana, Mad 59321",4304657933626238,felisha@example.net
Luis Miguel Altamirano Alonzo,1983-04-25,(+55) 881 456 14 93,"Puerta 142 Aldea Juan Carlos 52, Vitoria, Cbr 14258",4326740044094662,ingeborg.damore@example.org
Barbara Gonzales Matos,1974-07-13,(+77) 879 598 25 29,"Subida Timoteo s/n. Puerta 207, Cornellá de Llobregat, Cbr 11195",4739291593388759,avis.oreilly@example.com
Ruben Nunez Manzanares,1973-06-10,(+78) 720 917 57 77,"Puerta 265 Travesía José Luis, 83, Badalona, Ara 03760",4848919497817410,leopoldo@example.net
Micaela Velasquez Barragan,1996-02-22,(+93) 609 182 26 92,"Esc. 695 Prolongación Catalina Ontiveros, 5, Gijón, Ast 97817",4578035895357523,evangeline@example.com
Claudio Guzman Herrera,1998-12-09,(+12) 871 783 75 65,"Travesía Cristian Torres 81, Las Palmas de Gran Canaria, Leo 67787",4480189816432,ralph@example.net
German Arevalo Limon,1952-08-20,(+66) 588 522 18 36,"Esc. 488 Terrenos Victoria, 72, Motril, Mad 90843",4483133240162,yee.kertzmann@example.com
Martin Orozco Hinojosa,1956-05-30,(+26) 915 483 50 64,"Camino Maricarmen Carrasquillo, 82 Esc. 116, Torremolinos, Ara 24672",4529486921996,gaylene.oconnell@example.org
Sr Horacio Garcia Baca,1969-11-26,(+90) 621 148 89 18,"Lado Arturo Salcedo, 4, Rubí, Mur 96518",4483047976760,maribel_strosin@example.net
Sta Rafael Aragon Alfaro,1977-11-28,(+49) 944 922 11 33,"Gran Subida Mónica 6, Estepona, Bal 51575",4188553135897,cindie@example.net
Graciela Santiago Carrasquillo,1966-12-28,(+37) 906 217 20 85,"Esc. 992 Calle Carlos Aguilera, 86, Castellón de la Plana, And 95221",4436127150075262,marquetta@example.net
Jeronimo Godoy Lemus,1963-11-11,(+65) 332 784 42 93,"Urbanización Ana, 4, Gijón, Can 02016",4252541154681,thomas@example.net
Bernardo Rios Guardado,1982-12-04,(+63) 580 478 72 60,"Esc. 344 Terrenos Teresa 5 Puerta 455, Barcelona, Cbr 66001",4426900513932417,anna@example.com
Sta Samuel Pelayo Benitez,1977-05-03,(+78) 289 241 98 82,"Esc. 745 Glorieta Berta Ruelas, 8 Esc. 256, Palma de Mallorca, Rio 41958",4160612847080611,leonore.shields@example.org
Marco Antonio Saenz Lemus,1991-12-09,(+51) 504 225 10 54,"Puerta 379 Escalinata Raquel Vallejo 50, Alcorcón, Ast 65991",4167435297463,agueda_torphy@example.net
Sta Teresa Solorio Marrero,1966-04-19,(+95) 149 665 88 16,"Calleja Ángela 32 Puerta 107, Cerdañola del Vallés, Ast 04187",4215689488345615,bud.bergstrom@example.com
Angela Otero Caban,1995-02-02,(+21) 178 674 50 80,"Puerta 141 Solar Joaquín Carreón s/n., San Fernando, Mad 18279",4233717960240554,gerard@example.net
Virginia Montanez Elizondo,1976-12-04,(+26) 490 720 52 71,"Esc. 857 Ronda Micaela Jiménez 70, Torrejón de Ardoz, Rio 92157",4915839179202,armand@example.com
Armando Marroquin Gracia,1972-06-10,(+40) 346 151 39 97,"Polígono Alberto Bustamante s/n., Alcoy, Cbr 56804",4659219617898020,gwenda@example.com
Rosa Paredes Cardenas,1976-08-08,(+76) 857 752 76 59,"Puerta 484 Ronda Ricardo Correa, 64 Esc. 363, Salamanca, Ext 24697",4723729935976,anjelica@example.net
Bernardo Alonzo Olivo,1972-11-22,(+38) 492 314 39 58,"Vía Pública Guillermo, 5, Leganés, Mad 85575",4487819163580,angel@example.org
Ruben Godoy Cotto,1996-10-17,(+63) 641 470 31 67,"Rambla Miguel Ángel, 3, Viladecans, Cbr 94956",4826661808737,krystyna@example.org
Lucas Mejia Rios,1966-04-02,(+56) 183 555 46 54,"Puerta 468 Ferrocarril Samuel 9, Guadalajara, Rio 61099",4376216592790,barrett@example.org
Julio Cesar Vela Medrano,1963-12-26,(+64) 132 207 20 32,"Puente Francisco, 9 Esc. 658, San Sebastían de los Reyes, Mad 08963",4584283525631,cyndi_leuschke@example.org
Teresa Suarez Bustos,1998-03-05,(+56) 802 206 73 46,"Poblado Claudio Jasso s/n., Zamora, And 97835",4437005672837,margarette_schmeler@example.com
Adan Torrez Armijo,1978-05-03,(+64) 444 276 70 43,"Ramal José Ferrer s/n., León, Cbr 54407",4272402791760508,jasper.yost@example.org
Catalina Centeno Ocasio,1973-05-28,(+54) 759 806 19 59,"Esc. 647 Vía Pública Gabriela, 2, Algeciras, Mur 03768",4784706133074423,lasonya@example.com
Sta Alejandro Preciado Caraballo,1986-06-12,(+29) 268 775 44 38,"Pasaje Miguel Ángel Polanco s/n., Elda, Rio 99084",4841036200221,diego.dubuque@example.org
Clara Oquendo Chacon,1969-04-30,(+82) 520 588 80 82,"Puerta 680 Paseo Reina 2 Esc. 935, Coslada, Gal 14818",4557799070128,willard.kling@example.com
Mariano Carrasco Hinojosa,1971-12-03,(+68) 190 666 71 53,"Esc. 964 Ferrocarril Lola 5, Valdemoro, Ara 68714",4786372817132652,stepanie_gorczany@example.net
Sr Yolanda Renteria Melendez,1985-03-27,(+21) 931 398 54 38,"Solar Claudia, 4, Dos Hermanas, Mad 14074",4630331874446,barton@example.org
Carlos Muniz Casares,1970-12-04,(+40) 463 798 49 36,"Puerta 412 Partida Alfredo s/n. Esc. 460, Paterna, Cat 40537",4296832246675194,alexander@example.com
Guadalupe Rocha Arriaga,1957-06-16,(+68) 205 949 41 63,"Esc. 562 Plaza Teodoro Águilar 34 Puerta 510, Chiclana de la Frontera, Ara 18549",4630308889217615,eric@example.com
Gonzalo Menchaca Mena,1955-10-18,(+95) 972 522 19 88,"Rua María del Carmen s/n. Puerta 443, Reus, Mad 35754",4634848973431446,von.schroeder@example.com
Sra Victor Espinoza Delacruz,1969-01-27,(+98) 531 340 27 24,"Esc. 652 Ramal Homero 2 Puerta 196, Santa Coloma de Gramanet, Mur 67162",4650262797002,tanner@example.org
Gustavo Bonilla Peralta,1965-08-27,(+92) 262 266 91 15,"Puerta 949 Lado Víctor Sanabria 6, Zaragoza, Ara 01062",4715232891704,ernesto@example.net
Maria Soledad Arce Castellanos,1960-05-23,(+51) 424 794 16 26,"Esc. 507 Chalet Berta Miramontes 14, Torremolinos, Mad 06016",4110670317836,victoria@example.net
Sr Gregorio Banda Rivera,1960-10-13,(+45) 117 402 26 17,"Manzana Lucia 1, Chiclana de la Frontera, Cat 62479",4416287534253,marcelina@example.org
Elisa Guillen de Anda,1982-07-21,(+18) 960 472 92 99,"Plaza Óscar s/n., Las Palmas de Gran Canaria, Mur 96038",4591245629961531,seth_rutherford@example.net
Sta Julio Cesar Casarez Prieto,1970-06-29,(+97) 830 515 30 69,"Pasaje Ana María Mendoza, 3, San Fernando, Ast 66628",4226846293576,jay.hoeger@example.org
Sta Jaime Corona Valdivia,1974-10-08,(+32) 150 999 53 32,"Esc. 267 Rincón Gloria 25, Las Palmas de Gran Canaria, Leo 47410",4728636532364704,cyrus@example.net
Micaela Quintanilla Quintana,1989-12-31,(+38) 744 416 24 61,"Puerta 621 Huerta Enrique, 77, Badajoz, Com 38093",4459074710389,jeffrey.kessler@example.com
Jacobo Tamez Muro,1998-09-21,(+83) 956 548 56 79,"Esc. 985 Lado Beatriz Enríquez, 1 Esc. 533, Gerona, Ext 08995",4606964568802,richard@example.com
Raquel Maya Vela,1952-01-21,(+92) 374 416 37 38,"Puerta 357 Rua Armando Munguía 41, Getafe, Mur 00945",4768914369751454,gerard@example.com
Maria del Carmen Altamirano Sosa,1976-10-06,(+56) 549 484 19 91,"Extramuros Caridad Cortez s/n., Alcobendas, Bal 48273",4228779274688974,sheron.wolff@example.net
Graciela Serrato Tello,1973-05-26,(+53) 712 320 73 65,"Prolongación Graciela Blanco 2 Puerta 464, Palencia, And 36445",4445277222247271,justina.hyatt@example.net
Isabel Briseno Mena,1995-08-31,(+62) 842 342 44 22,"Esc. 955 Monte Timoteo Pedraza 94, Lorca, Gal 37385",4853356607083,dann_fahey@example.org
Sra Mariano Granado Raya,1968-04-04,(+65) 654 286 73 45,"Calleja Cecilia, 9, Albacete, Nav 74540",4801614754932,jeff.schneider@example.net
Marilu Raya Alaniz,1979-02-06,(+83) 964 305 69 12,"Riera Claudio Amaya 69 Esc. 739, El Puerto de Santa María, Can 18423",4545600886451,barney@example.com
Yolanda Saenz Casares,1953-10-23,(+84) 153 954 62 58,"Escalinata Julia Delacrúz s/n., Santiago de Compostela, Bal 54398",4477095980757,anisa@example.net
Concepcion Vanegas Olmos,1954-11-20,(+38) 635 196 51 74,"Puerta 575 Sector María Eugenia Guardado s/n., Roquetas de Mar, Cbr 61167",4209614266503,augustus_deckow@example.net
Sr Cristobal Amaya Cortes,1996-01-23,(+34) 183 465 23 90,"Salida Ramona Nieves, 1 Esc. 826, Cádiz, And 03336",4468180033506798,blossom_windler@example.com
Andrea Cordero Alaniz,1960-10-31,(+90) 559 887 32 73,"Esc. 409 Lugar Guadalupe Terán s/n. Puerta 317, La Línea de la Concepción, Mad 33663",4729845095564332,duncan@example.net
Patricia Gollum Bernal,1971-10-07,(+92) 519 426 23 34,"Arrabal Julio César, 25 Esc. 414, Chiclana de la Frontera, Cbr 69109",4804188307392,annika@example.org
Lucia Espinosa Escobar,1956-12-05,(+92) 233 800 15 73,"Puerta Adela Jimínez 2, Tarrasa, Ext 11307",4405196275629,leland@example.com
Mario Lovato Aviles,1998-09-19,(+55) 638 911 49 83,"Colegio Mario 4, Zaragoza, Ara 62048",4612292592076,joeann.aufderhar@example.org
Salvador Matos Bustos,1962-05-13,(+28) 160 820 39 65,"Torrente José María Cotto, 6, Cáceres, Ara 90827",4658688150789,tom_deckow@example.org
Tomas Granados Pabon,1968-12-08,(+90) 989 183 64 75,"Rampa Mónica, 55, Jerez de la Frontera, Ast 40499",4818971754444384,daren@example.org
Jeronimo Guerra Pena,1976-02-02,(+79) 497 129 60 94,"Vía Pablo Granado 6, San Cristróbal de la Laguna, Rio 24050",4122799059249,mamie@example.org
Maria Teresa Mondragon Pelayo,1962-04-01,(+62) 133 433 13 59,"Aldea Jacobo Tamayo, 71 Puerta 757, San Fernando, Man 94665",4256038005537603,bailey.leffler@example.net
Samuel Velazquez Delatorre,1955-05-10,(+64) 555 440 93 88,"Escalinata Benjamín Samaniego 2, Mataró, Cat 01569",4762637413274936,billie@example.net
Yolanda Monroy Zarate,1993-12-16,(+74) 994 722 56 53,"Puente Maricarmen 7, Marbella, Can 21872",4820633838220265,kory.medhurst@example.org
David Archuleta Guevara,1973-08-02,(+19) 416 317 23 14,"Esc. 454 Bloque David Gálvez, 8 Esc. 791, Cádiz, Nav 15221",4129065039326,shenika.white@example.com
Guillermo Matos Gil,1981-09-26,(+93) 991 291 52 70,"Jardines Jacobo Montalvo 16 Esc. 161, Cerdañola del Vallés, Ext 85089",4975539612993,trula_wolf@example.com
Sra Jorge Luis Ramirez Velazquez,1976-10-17,(+81) 382 787 90 76,"Entrada Elena Correa, 31, Alcalá de Guadaira, Com 08887",4191074959464,socorro@example.net
Teodoro Juarez Romo,1998-07-29,(+79) 380 192 14 40,"Solar Carlos, 19, Calahorra, Cat 25134",4541016600859,teodoro.hauck@example.net
Olivia Quiroz Castaneda,1982-06-27,(+37) 302 238 12 97,"Escalinata Concepción s/n. Esc. 967, Las Palmas de Gran Canaria, Ext 90352",4292513867163892,sung.konopelski@example.com
Rodrigo Fuentes Pina,2001-07-14,(+72) 343 707 71 82,"Puerta Vicente Matos s/n., Alcobendas, Nav 42677",4509967005284490,charise_kiehn@example.net
Ramiro Rascon Venegas,1978-03-14,(+93) 954 135 49 79,"Puerta 237 Vía Cristina Ávila s/n. Puerta 494, San Fernando, Rio 17759",4648990353783543,nina_schuster@example.net
Caridad Olivarez Jasso,1976-01-13,(+27) 965 522 95 52,"Esc. 922 Paseo Teresa Amaya, 5 Esc. 720, Santa Coloma de Gramanet, Cat 07021",4341470201140,george_glover@example.net
Lorena Hidalgo Aguirre,1976-06-04,(+14) 601 606 14 54,"Sector Rosalia Galarza, 69, Mijas, Vas 79650",4642163092316670,tony@example.org
Ester Miranda Jasso,1971-01-23,(+72) 158 267 99 67,"Esc. 852 Colegio Marisol, 1, Santander, Vas 60821",4120465973296892,bert_stokes@example.com
Veronica Gallegos Ulloa,1952-01-22,(+29) 705 579 96 97,"Esc. 378 Partida Gerardo Salcedo s/n., Palencia, Cat 08740",4195561258821998,minh.stark@example.org
Maria Teresa Osorio Perea,1954-10-05,(+49) 268 976 61 76,"Esc. 682 Bajada Nicolás 39 Esc. 754, Santa Coloma de Gramanet, Leo 43208",4229987596502364,tressie@example.org
Maria Cristina Torrez Almaraz,1974-03-03,(+77) 709 278 41 10,"Puerta 690 Plaza Adán Pacheco, 5 Esc. 214, Jaén, Ext 86278",4872718581992,barabara.kassulke@example.com
Andres Balderas Bravo,1999-07-14,(+23) 666 570 15 93,"Quinta Benjamín Lebrón 1 Esc. 511, Pontevedra, Com 42601",4478109105847994,scott@example.org
Sr Claudia Sedillo Gurule,1954-01-15,(+91) 235 437 13 82,"Muelle Timoteo 3 Puerta 596, Murcia, Mur 44696",4533956158485,bertha_hoppe@example.net
Ignacio Flores Aguilera,1960-07-11,(+14) 787 521 71 34,"Puerta 155 Chalet Raúl 5, Estepona, Cbr 20228",4924873509116427,chi_hickle@example.net
Sta Lucia Zayas Cepeda,1959-04-01,(+88) 852 874 24 37,"Esc. 575 Chalet Mariano 9 Esc. 251, Alcorcón, Mur 96166",4715669539404,mariela.kertzmann@example.org
Mateo Luna Leal,1990-07-30,(+26) 551 484 95 95,"Puerta 147 Calle Virginia Alvarado, 39, Lérida, Leo 98711",4637051777451,javier.harber@example.org
Teresa Rangel Ruiz,1994-09-02,(+16) 646 159 98 55,"Chalet Rocio Loya, 62, Mijas, Vas 76286",4346314535194641,odette@example.org
Sta Berta Puente Casarez,1966-05-16,(+92) 686 711 84 50,"Esc. 465 Ramal Catalina Archuleta s/n., Santiago de Compostela, And 27617",4367772441650259,connie@example.org
Sta Javier Venegas Ontiveros,2000-04-07,(+78) 439 681 83 36,"Ronda Guillermo Aguayo, 3, Oviedo, Cbr 96393",4681722865543,kevin@example.org
Sr Alberto Arriaga Matias,1993-03-26,(+12) 468 894 61 57,"Rambla Josefina s/n. Puerta 710, Avilés, Can 78627",4893573837493,abe@example.com
Gonzalo Garza Garrido,1982-01-14,(+26) 112 817 94 98,"Senda Olivia Soto, 54 Puerta 188, Alcobendas, Rio 18594",4928233416146,iesha.haag@example.net
Daniel Valverde Mora,1958-10-12,(+78) 822 986 53 61,"Esc. 570 Riera Lorenzo 83 Esc. 919, Sabadell, Vas 84435",4133015745498964,dorie@example.org
Sr Luz Parra Romo,1992-10-28,(+72) 588 708 34 35,"Conjunto Joaquín Rendón, 7 Esc. 124, Motril, Mur 35557",4731494058569,julius@example.com
Sr Guillermina Otero Olivas,1978-01-06,(+87) 586 151 38 36,"Rincón Blanca Olivo, 32, Mollet del Vallés, Vas 17284",4794723134148,katharina@example.net
Alberto Quinonez Narvaez,1975-10-22,(+21) 946 374 51 69,"Ronda Caridad Oquendo 81, Sabadell, Gal 06110",4720732456446,sherilyn.blick@example.net
Dolores Lovato Nazario,1977-02-09,(+75) 239 100 66 89,"Torrente Ignacio Jaramillo 1, Leganés, Leo 73664",4810488127411238,marco@example.org
Federico Abreu Bernal,1951-11-01,(+84) 693 187 47 11,"Puerta 902 Vía Ramón 3 Esc. 597, Gecho, Rio 76347",4930943354336,giovanni.metz@example.org
Sra Miguel Angel Bustos Villanueva,1965-01-22,(+41) 658 235 19 33,"Esc. 577 Gran Subida Benjamín 92, Córdoba, Mur 19314",4357425148087,bradley@example.org
Cristian Santacruz Posada,1975-11-17,(+88) 156 461 37 34,"Puerta 183 Masía Sergio 43 Puerta 124, Chiclana de la Frontera, Mur 46106",4545414223768,noemi@example.com
Guillermina Viera Palomo,1984-08-30,(+35) 948 616 52 10,"Esc. 804 Masía Dolores s/n., Collado Villalba, Vas 66731",4478628404793146,williams_klein@example.net
Jose Luis Lozano Anaya,1993-01-10,(+54) 882 436 48 52,"Ferrocarril Pablo 28, Dos Hermanas, Ast 50932",4260797145567952,leonor_abshire@example.org
Ernesto Toledo Casares,1996-01-09,(+33) 976 891 33 13,"Puerta 357 Mercado Juan s/n. Esc. 917, Sagunto, Leo 62686",4394348927594,grayce@example.net
Rosario Montenegro Olivera,1990-02-03,(+61) 775 712 56 18,"Esc. 159 Sección Marisol 24 Esc. 232, Ceuta, Bal 37410",4968769156223945,luciano_ankunding@example.com
Soledad Hernandes Velasco,1995-03-11,(+47) 194 318 83 67,"Esc. 753 Barrio David Camacho, 62, Palencia, Cbr 30272",4709645839187802,jeanmarie@example.com
Maria Eugenia Luevano Salgado,1964-05-01,(+81) 922 433 93 44,"Caserio Germán Luna 44, Linares, And 19640",4973911542953,rosario@example.org
Manuel Carvajal Arreola,1957-09-11,(+40) 811 663 18 16,"Partida María, 3 Esc. 294, Torrevieja, Mad 19110",4296598993125002,madlyn_kuhlman@example.net
Jaime Galarza Noriega,1999-08-21,(+14) 570 885 11 82,"Puerta 421 Arrabal Jaime Ortiz, 5 Esc. 278, Oviedo, Man 51964",4487912766784,terence@example.org
Sta Gonzalo Cintron Alicea,1995-11-22,(+90) 460 979 75 16,"Puerta 158 Parcela Juan Aragón, 44, Sanlúcar de Barrameda, Leo 13539",4468123567583,ninfa@example.com
Sta Francisco Briseno Rojas,1976-11-12,(+56) 613 729 58 44,"Esc. 717 Caserio Jaime Tafoya s/n., Zaragoza, Bal 20140",4473931471473,nickolas.jaskolski@example.net
Sra Julio Vazquez Cervantez,2003-01-20,(+99) 202 977 52 14,"Municipio Sonia, 45 Puerta 536, El Prat de LLobregat, Com 07155",4633664037235,carlos.hegmann@example.net
Cristobal Porras Matos,1965-01-28,(+22) 156 933 23 60,"Esc. 791 Rua Hernán Abeyta, 6 Esc. 964, Leganés, Ara 58161",4517748926714462,pasquale@example.net
Emilia Arteaga Rincon,1978-02-11,(+49) 565 358 34 50,"Municipio Adela, 5, Puertollano, Mur 49822",4420090467594,latanya_emmerich@example.org
Sofia Pacheco Deleon,1997-06-13,(+44) 152 866 18 95,"Puerta 258 Rua Rosario, 63, Leganés, Bal 76291",4572827507817084,rufus.gleason@example.com
Maria Cristina Garcia Arana,1985-10-19,(+71) 332 151 37 16,"Polígono Dolores Laboy 3 Puerta 736, Santander, Cat 71252",4539616730089161,chase@example.net
Pilar Romo Najera,1963-09-21,(+89) 937 289 60 73,"Esc. 260 Travesía Ramiro 3 Puerta 322, Orihuela, Ext 01530",4693877805638,carl@example.org
Sra Agustin Delarosa Reyna,1957-03-04,(+61) 531 632 56 54,"Barrio Claudia 2 Puerta 430, Lorca, Com 46059",4660436006792,chas@example.com
Armando Yanez Dominquez,1992-04-23,(+61) 478 199 29 54,"Ramal Micaela Ceballos, 5 Puerta 187, Badalona, Rio 05432",4911291897712,lawrence_hermann@example.net
Alfredo Rangel Mora,1967-07-03,(+50) 944 771 57 33,"Lado Rodrigo 5 Esc. 521, Avilés, Mur 95685",4468945824242633,gabriel@example.net
Rodrigo Mercado Patino,1979-12-18,(+33) 507 769 20 37,"Senda Cristobal, 31 Esc. 256, Toledo, Bal 86308",4172753876385,tennie@example.com
Alejandro Rojo Burgos,1988-04-21,(+15) 423 360 85 54,"Puerta 185 Avenida María Teresa Briseño, 19 Esc. 302, Barcelona, Ext 67210",4760611346102,evette@example.org
Mario Guajardo Terrazas,2000-05-26,(+89) 488 460 35 17,"Urbanización Irene Sáenz s/n. Puerta 934, Gerona, Man 55682",4109738138473,eloy@example.org
Carlota Pabon Fuentes,1991-01-07,(+19) 284 897 45 41,"Extrarradio María, 3, Baracaldo, Bal 34794",4485232897366618,barrett@example.net
Ramiro Lerma Huerta,1955-02-05,(+83) 198 982 90 62,"Extrarradio Silvia, 48 Puerta 177, Mollet del Vallés, Leo 22958",4698921013435769,eva@example.net
Graciela Corral Mojica,1997-10-25,(+54) 869 160 89 88,"Rua Clemente Otero 33, Badalona, Ara 96679",4939900016226424,antoine.hodkiewicz@example.com
Rosa Mora Segovia,1958-10-25,(+20) 672 907 68 95,"Puerta Rosa 4 Esc. 797, Chiclana de la Frontera, Mad 34096",4120332391640,luther@example.org
Rocio Loya Alarcon,1988-03-19,(+95) 363 401 81 82,"Caserio Juan Reyes 21, Leganés, Ast 78061",4158933597579,herman@example.net
Margarita Muniz Toledo,1962-11-17,(+86) 313 836 11 35,"Esc. 234 Extramuros Octavio Marín 35, Móstoles, Ara 99638",4444513287892,salley@example.net
Gloria Alonzo Munoz,1974-03-20,(+19) 156 114 28 50,"Travesía Carlos, 97 Esc. 845, Oviedo, Man 91745",4313900252970079,mamie@example.org
Martin Valdes Armas,1970-07-25,(+62) 776 773 60 54,"Esc. 906 Municipio Esteban 4, Zamora, Can 82216",4959415941692322,elba_okon@example.com
Jacobo Feliciano Granados,1973-07-07,(+74) 209 494 19 84,"Esc. 280 Lugar Carlos s/n., Marbella, Bal 34761",4978400062777,lavelle@example.net
Micaela Miranda Pantoja,1994-07-16,(+97) 611 986 92 45,"Camino Sofia, 2 Puerta 885, Leganés, Com 90459",4253654439171265,stacey_prosacco@example.org
Maria Elena Villagomez Amador,2002-10-01,(+15) 480 293 42 75,"Pasaje Octavio, 39 Esc. 504, El Puerto de Santa María, Can 93091",4593909186199,jamie@example.org
Ruben Hinojosa Roldan,2001-09-08,(+19) 656 463 20 48,"Sector Conchita Molina, 2 Puerta 192, Lugo, Leo 25461",4698882037614039,kelvin_heller@example.org
Manuel Caballero Ortiz,1964-02-14,(+10) 912 967 58 77,"Puerta 748 Parcela Ramona 31 Esc. 105, La Coruña, Cbr 18843",4230407735959901,miesha.west@example.net
Luz Deleon Arroyo,1961-05-19,(+28) 507 332 16 59,"Grupo Lucia s/n., Vitoria, Cat 17419",4412954246808580,lillie@example.com
Cristobal Ozuna Moya,1970-11-24,(+87) 475 747 23 80,"Explanada Amalia s/n. Puerta 668, Vigo, Mur 77200",4819840292915,brendon@example.org
Sr Reina Meraz Ramirez,1988-09-30,(+78) 838 614 56 85,"Colonia Octavio 4 Puerta 592, Orense, Cat 65360",4219425687062800,rodrick@example.org
Andrea Velazquez Anaya,1991-09-16,(+80) 821 367 98 16,"Esc. 393 Plaza Claudio Pacheco s/n. Esc. 622, Tarrasa, Cbr 96814",4472091452588,hye@example.org
Sra Rebeca Arguello Nieves,1991-11-23,(+41) 223 829 38 43,"Puerta 427 Travesía Carla Madrigal, 27, Ciudad Real, Cbr 66437",4442858761778,miles.sanford@example.com
Mercedes Chapa Amaya,1972-04-16,(+66) 553 415 67 63,"Plaza Mariana 74 Puerta 749, Castellón de la Plana, And 96695",4836962955855,roselyn@example.com
Mariana Arroyo Sauceda,2001-02-12,(+28) 579 950 49 33,"Esc. 876 Subida Mariana Matos 39 Esc. 629, Estepona, Ast 24540",4869269024159405,launa@example.org
Mercedes Jaime Toledo,1958-07-28,(+88) 948 166 75 34,"Esc. 228 Riera Horacio s/n. Puerta 670, Jaén, Bal 92709",4671074568704,jesusita@example.net
Marco Antonio Delgado Gollum,1974-05-09,(+19) 186 974 90 82,"Bajada Jesús 9, Reus, Vas 95366",4139284923911,orval@example.com
Cristobal Avila Valentin,1953-01-08,(+64) 485 109 79 17,"Masía Arturo Barrientos 1, Torrejón de Ardoz, Ast 00394",4863221156414,sherman.quitzon@example.com
Ana Maria Reyna Abreu,2001-05-06,(+30) 766 933 84 28,"Manzana Guillermo Altamirano 86 Esc. 508, Almería, Mur 85616",4346904631485867,vincenzo_rolfson@example.com
Miguel Alonso Casanova,1979-04-26,(+89) 550 562 31 65,"Calleja Patricia Montañez, 1, La Coruña, Vas 78810",4257153667623,mose@example.com
Juan Peres Cortes,1959-04-04,(+94) 811 499 67 33,"Puerta 333 Torrente Timoteo Rascón 5, Segovia, Ext 99675",4648724418746,alphonso_abernathy@example.net
Sta Ana Maria Paez Molina,1953-01-17,(+91) 948 336 78 12,"Partida Ariadna 7, Sanlúcar de Barrameda, Rio 12853",4546535088940430,trena_franecki@example.com
Sra Gilberto Mares Escobar,1957-01-29,(+97) 908 189 62 41,"Esc. 251 Cuesta Ernesto Barragán 73, Mijas, Com 57681",4519821049776656,bong@example.com
Sr Alejandra Urbina Abreu,1976-07-05,(+14) 220 323 75 74,"Puerta 371 Arrabal María Soledad Chavarría, 6, Albacete, Bal 77777",4688814427892,steven@example.net
Blanca Navarro Delafuente,1979-05-03,(+86) 489 492 37 97,"Colegio Benjamín 70, Lorca, Ext 14376",4268948811479616,hobert@example.org
Guillermo Palacios Saldivar,1986-06-20,(+21) 417 154 92 51,"Puerta 590 Bajada Mariana s/n., Cuenta, Ext 75804",4513680340625,rosario@example.org
Lorena Hernadez Razo,1980-05-20,(+62) 288 877 92 53,"Urbanización Carla 7 Esc. 466, Barcelona, Ast 46656",4706614557112,esteban@example.com
Benjamin Quezada Beltran,1980-06-20,(+35) 568 526 14 36,"Esc. 533 Barrio Francisco Véliz, 88 Puerta 781, Cartagena, Can 08214",4822372207671562,winford@example.com
Nicolas Parra Longoria,1999-02-06,(+68) 875 952 78 41,"Esc. 448 Manzana Salvador 31, Huelva, Man 74955",4189710791747,marlin@example.org
Marilu Monroy Holguin,1961-06-08,(+34) 712 282 40 93,"Esc. 594 Vía Dorotea, 29, Tarrasa, Bal 22914",4376083452136,stepanie.grimes@example.net
Virginia Agosto Olivares,1961-04-20,(+86) 705 543 32 70,"Esc. 100 Barrio Julio Briones, 8, Valdemoro, Leo 29201",4894197716959809,efren_farrell@example.net
Eduardo Salazar Candelaria,1985-05-07,(+28) 873 138 71 97,"Puerta 550 Rampa Felipe Ochoa 28, Elche, And 57951",4543421873949,benton@example.com
Sr Lourdes Armenta Tejada,1973-07-24,(+17) 391 633 34 56,"Carretera Susana 5 Puerta 585, Zaragoza, Ara 77536",4899780866000998,jona_prosacco@example.net
Ignacio Cabrera Pedraza,1983-07-05,(+81) 358 593 54 14,"Esc. 320 Municipio Timoteo Castañeda 22, Gecho, Can 36314",4519152742312908,nelle@example.org
Samuel Colunga Madrigal,1988-08-25,(+64) 979 442 85 17,"Parque Benjamín Cruz, 8, Ceuta, Cbr 76708",4154612312174,shavonda@example.com
Sta Carmen Teran Avila,1990-01-11,(+79) 169 102 66 42,"Prolongación Homero Zelaya 3 Puerta 818, Chiclana de la Frontera, Can 81379",4859779174213,karen_tremblay@example.net
Maria Teresa Burgos Loera,1988-09-23,(+96) 155 909 28 21,"Esc. 962 Colegio Jorge Ruiz 5 Puerta 595, Torrejón de Ardoz, Mad 74419",4586737533995164,claud_schaden@example.com
Manuela Ruiz Correa,1959-04-01,(+24) 706 297 59 39,"Puerta 221 Mercado Homero Trejo, 5 Puerta 271, Zaragoza, Rio 23778",4916472935579,odell.king@example.org
Agustin Soria Marquez,2000-07-11,(+12) 942 822 39 61,"Rampa Clara Olvera, 11 Puerta 234, Alcalá de Guadaira, Leo 79710",4419583449416132,shonta.johns@example.org
Tomas Mayorga Toledo,1981-02-06,(+90) 247 615 48 99,"Esc. 864 Colonia Mario Meza 72 Puerta 523, Coslada, Leo 22315",4810149622647,yvone@example.com
Luisa Oquendo Guardado,1990-12-12,(+49) 758 973 45 94,"Cuesta Roberto Candelaria, 3, Córdoba, Rio 95455",4842844969155,shanita_murazik@example.org
Sr Andres Solorio Agosto,1998-08-07,(+48) 167 835 58 81,"Puerta 519 Calle Homero 7, Santiago de Compostela, Ast 39061",4942993272649,edwin.graham@example.net
Jacobo Salgado Amaya,1992-05-27,(+74) 648 254 97 46,"Rambla Jorge Luis 11, Burgos, Com 11874",4917181228116,lauren_walsh@example.net
Sra Marta Villa Espino,1952-04-12,(+83) 628 886 70 33,"Grupo José Emilio Loya 85, Valencia, Bal 89016",4156956590642903,tyron_fadel@example.com
Sr Gustavo Zayas Rendon,1982-11-28,(+14) 750 180 74 38,"Travesía Rodrigo s/n., Getafe, Bal 61471",4776295552070,francis@example.net
Ignacio Maya Paredes,1995-01-22,(+60) 794 608 34 94,"Calleja Luz s/n. Puerta 452, Algeciras, Mur 54017",4343471704056374,ayanna@example.org
Hernan Gomez Rivera,1992-07-14,(+87) 291 811 64 53,"Jardines Bernardo Gutiérrez, 70, Almería, Com 02876",4344605644176,kenneth@example.com
Lucas Calderon Arguello,1994-03-30,(+81) 715 466 18 21,"Puerta 758 Barranco María Elena 32 Esc. 581, Benalmádena, Leo 48423",4364020324203926,ted.sauer@example.net
Fernando Mondragon Armendariz,1962-09-27,(+78) 659 768 74 51,"Puerta 765 Arrabal Jesús Menéndez 7, Ávila, Ara 15104",4569485382410,elvin@example.org
Eduardo Rodarte Delagarza,1964-12-23,(+70) 782 442 21 84,"Puerta 248 Parcela Lourdes 8 Esc. 119, Manresa, Mur 96740",4999971992540846,annamarie@example.org
Marco Antonio Frias Leal,1952-01-04,(+71) 463 812 51 55,"Puerta 951 Parque Isabel Casanova s/n. Esc. 416, Toledo, Ast 17915",4599347245442540,stefan@example.org
Rocio Lemus Nieto,1980-06-15,(+68) 320 335 70 32,"Masía Mateo Archuleta s/n., Lorca, Ast 20144",4593856629852,pennie_gusikowski@example.com
Sr Blanca Soria Santacruz,2001-02-22,(+12) 990 531 46 44,"Puerta 807 Ronda Rodrigo, 3, Madrid, Nav 45707",4709876427776,loida_streich@example.org
Rodrigo Correa Mejia,1984-12-20,(+89) 133 730 90 14,"Barrio Mercedes Miranda, 84, Rubí, Mur 06260",4591960701468011,edythe_homenick@example.net
Clemente Alcala Chavarria,1974-05-27,(+41) 957 895 89 17,"Senda Alfredo Hinojosa, 5, Sabadell, Cat 42350",4722341678482198,lanny.lakin@example.org
Sr Rosa Lucio Curiel,1971-06-04,(+91) 471 652 83 85,"Solar Lilia Alvarez 91 Puerta 849, Huelva, Gal 34194",4992099724779,donya.johns@example.com
Sra Francisco Hernadez Guardado,1986-04-15,(+92) 984 629 92 40,"Escalinata Sancho Henríquez 1 Puerta 384, Santander, Gal 68123",4692365191507435,octavio.moore@example.org
Mayte Alba Florez,1972-02-08,(+26) 319 353 27 21,"Esc. 337 Vía Pública Julio, 80 Esc. 772, Sanlúcar de Barrameda, Cbr 84723",4787635346483534,thi.heidenreich@example.net
Salvador Polanco Montemayor,1975-08-06,(+80) 492 412 20 73,"Cuesta María del Carmen 5, Jaén, Bal 15233",4454163488198630,jae_mayer@example.org
Antonio Jaquez Carrasquillo,1965-09-20,(+21) 219 596 51 16,"Calle Octavio Arreola, 7 Puerta 317, Sanlúcar de Barrameda, Cat 27249",4851400637882,elanor.treutel@example.com
Sra Bernardo Garrido Archuleta,2001-01-31,(+69) 849 546 51 38,"Senda Alejandra s/n. Puerta 303, Cuenta, Ara 52328",4716921455460463,hope_willms@example.net
Maria Eugenia Lopez Ojeda,1952-07-31,(+23) 165 199 48 96,"Mercado Isabel Saldivar s/n. Esc. 201, Gecho, Ext 76320",4320943159685003,leila@example.net
Rosario Munguia Zamudio,1986-05-27,(+31) 477 930 29 46,"Camino Cecilia, 1, Pozuelo de Alarcón, And 22522",4457855322358,leonel_hayes@example.org
Cristina Montano Sarabia,1966-09-27,(+25) 884 809 59 25,"Puerta 972 Conjunto Gonzalo 80, Mataró, Bal 65337",4585904455867976,gail.botsford@example.net
Sr Anita Carmona Trevino,1993-11-04,(+68) 352 363 96 25,"Esc. 966 Salida Daniela, 1, Elche, Vas 33991",4412133570242167,jonathan@example.com
Lucas Zavala Perez,1998-01-25,(+60) 911 938 45 69,"Edificio Gregorio 1, Torrelavega, Ast 73716",4572524354395922,bernarda_macgyver@example.org
Federico Gurule Sepulveda,1986-06-08,(+47) 310 664 43 96,"Esc. 290 Bajada Víctor, 7 Esc. 773, Puertollano, Leo 33032",4588372627851,jeannie@example.net
Sta Angela Bustamante Nieves,1990-04-07,(+30) 218 592 74 55,"Pasaje Leonor 96 Puerta 341, Hospitalet de LLobregat, Leo 62709",4185044673368616,jerlene@example.net
Emilio Fierro Zuniga,1993-05-10,(+28) 830 100 64 47,"Puerta 829 Rampa David, 8 Esc. 836, Torrelavega, Com 77527",4216648464289394,laurette@example.net
Catalina Jurado Amaya,1953-09-01,(+19) 942 822 34 61,"Esc. 117 Sección Pilar Maestas s/n., Cuenta, Rio 28750",4213941564689,sina.bode@example.com
Florencia Agosto Correa,1966-02-05,(+53) 791 460 88 59,"Salida Andrea, 4, Orense, Ara 88107",4559578628430227,rubin@example.net
Manuela Medrano Abeyta,1960-02-17,(+64) 961 332 49 92,"Esc. 969 Senda Carlos Verdugo 54, Torrevieja, And 00916",4895179368088,elenore@example.net
Sta Patricio Aragon Jasso,1983-11-19,(+72) 690 903 83 76,"Ferrocarril Pilar 7 Esc. 984, Huelva, And 25844",4367080512803363,mauro@example.com
Sr Blanca Calvillo Mena,1990-03-31,(+31) 782 439 84 61,"Plaza Mónica Cazares s/n., Cuenta, Bal 05800",4329485342369294,christinia_harvey@example.net
Rafael Sauceda Mata,1998-07-09,(+70) 787 403 42 39,"Puerta 811 Apartamento Eduardo s/n. Puerta 401, San Sebastián, Bal 62535",4180853370233,verdell@example.org
Sonia Aleman Urbina,1981-12-06,(+92) 272 543 29 35,"Esc. 537 Bajada Joaquín Ibarra 38 Puerta 448, Gerona, Cat 07658",4937309016655933,garrett@example.com
Adela Adorno Lara,1969-09-11,(+55) 236 457 90 29,"Muelle Ricardo, 7 Puerta 336, Palencia, Man 39015",4835463232723,sterling_buckridge@example.net
David Maya Godinez,2000-07-18,(+48) 895 238 16 96,"Puerta 325 Partida Daniel Almonte 2, Cerdañola del Vallés, Vas 37901",4895959578674423,linwood@example.org
Clara Jaimes Ruelas,1991-01-25,(+69) 632 795 90 91,"Puerta 287 Sector María, 61 Esc. 242, Lorca, Cat 79309",4428013612386,alvaro@example.com
Ruben Altamirano Lomeli,1974-11-29,(+30) 369 103 47 67,"Polígono Ana Luisa 95 Esc. 476, Arrecife, Nav 90331",4853335327175,timothy.lowe@example.com
Yolanda Espinoza Nino,1985-10-08,(+40) 164 547 73 70,"Jardines María del Carmen, 3, Benidorm, Nav 33742",4689348222483003,dirk.ritchie@example.org
Sta Ramiro Lopez Crespo,1955-07-26,(+73) 464 907 70 20,"Esc. 735 Chalet Julio Alcala, 89 Puerta 510, Lorca, Com 49783",4197454325358,archie.stracke@example.net
Jesus Espino Nunez,1968-08-07,(+57) 819 102 11 49,"Aldea Yolanda, 10 Esc. 823, Calahorra, Com 94198",4375217070301,lani_kessler@example.net
Micaela Alejandro Navarrete,1990-01-23,(+38) 137 281 66 95,"Puerta 148 Rua Julia s/n. Puerta 880, Móstoles, Cat 75338",4806441349210,lester_murazik@example.org
Luz Aguirre Collazo,1993-12-09,(+33) 244 499 59 34,"Riera Samuel Espinal 21, Algeciras, And 85281",4617247225821,raphael.wiegand@example.net
Alfonso Narvaez Delarosa,1997-10-31,(+44) 810 254 69 80,"Puerta 749 Sección Rosa 4, Sagunto, And 76032",4491576404971,freddie@example.org
Marcela Acuna Vaca,1983-05-16,(+65) 871 930 28 71,"Rincón María Teresa 40, Fuenlabrada, Mur 32938",4623038712373,wally.herman@example.com
Sr Lorenzo Anaya Barreto,1987-12-22,(+46) 498 213 44 25,"Puerta 206 Riera Javier Esquibel, 49 Esc. 336, Irún, Gal 76132",4438543630577552,mickey_kirlin@example.net
Leticia Ontiveros Venegas,1988-07-06,(+36) 405 171 64 60,"Plaza Adela Valentín, 9, Pontevedra, Cat 15131",4502702271157,hilda@example.net
Sta Jaime Aleman Cornejo,2002-01-30,(+95) 971 782 19 84,"Esc. 216 Escalinata Daniel, 3 Esc. 245, Albacete, Man 48390",4440380117360,bethel_bradtke@example.com
Raul Galarza Arriaga,1984-01-07,(+92) 225 775 63 20,"Parcela Berta 1, Valdemoro, Man 59805",4414941515769393,ardell_reichert@example.org
Sra Luisa Aguirre Lebron,1966-04-09,(+49) 180 261 23 19,"Puerta 967 Rampa Dorotea, 71, Getafe, Can 99146",4585410563668,prince@example.net
Amalia Serna Villanueva,1977-10-07,(+41) 156 474 82 93,"Masía Federico Alarcón, 17, Santander, Man 99711",4162547567276874,val_hyatt@example.com
Norma Grijalva Mares,1964-12-02,(+50) 854 423 20 68,"Esc. 941 Monte Lilia, 23, Cornellá de Llobregat, Man 68119",4894957844139,kristopher_glover@example.org
Gustavo Rojo Mendez,1964-05-08,(+80) 274 606 90 46,"Esc. 656 Vía Pública Germán, 5 Puerta 408, Linares, Com 06656",4840568548767237,burma@example.org
Lorenzo Menchaca Mora,1957-07-10,(+24) 524 298 78 65,"Colegio Lola Gaytán 9, La Coruña, Leo 68919",4986077267397683,assunta@example.com
Salvador Juarez Ocasio,1972-02-14,(+35) 400 234 96 68,"Rampa Francisca s/n., Granada, Gal 01733",4490510340855656,mohamed@example.org
Gabriel Medina Gil,1965-07-11,(+36) 514 245 28 36,"Puerta 835 Caserio Susana Calvillo 54, Collado Villalba, Vas 96527",4895569330151,angelo.towne@example.org
Guillermo Vergara Soto,1956-10-20,(+70) 676 122 33 70,"Esc. 336 Ferrocarril Sofia, 34 Puerta 138, Pamplona, Ext 91915",4743110189199,hubert_friesen@example.org
Rebeca Barreto Laureano,1996-08-19,(+77) 960 478 90 13,"Explanada Roberto, 6 Esc. 652, Pamplona, Leo 91445",4899102595375627,willy@example.net
Marisol Cruz Garza,1957-12-24,(+54) 243 998 59 49,"Puerta 315 Plaza Tomás, 3 Puerta 972, Fuengirola, Leo 93105",4479289498240,cindy_wilderman@example.com
Bernardo Dominguez Delafuente,1997-12-30,(+57) 117 339 59 92,"Grupo María del Carmen s/n., Jaén, Ast 40613",4311365822372895,ola@example.com
Sta Carlota Candelaria Roldan,2003-09-14,(+18) 746 700 76 26,"Esc. 921 Senda Berta Caraballo, 6 Esc. 286, Bilbao, Leo 45691",4881062000690145,caren.becker@example.org
Jorge Luis Carmona Iglesias,1960-05-16,(+16) 156 816 36 31,"Esc. 952 Ronda Julio César Bétancourt 8 Esc. 940, Mollet del Vallés, Mad 29160",4625810815456,drew@example.org
Ana Luisa Cortes Vera,2002-06-29,(+20) 265 988 94 13,"Urbanización Benito Orta 3, Pozuelo de Alarcón, Vas 99077",4332498558482086,jc@example.com
Isabel Soria Chavez,1974-09-02,(+88) 419 141 79 71,"Esc. 329 Parcela María Delao, 7 Puerta 793, Orihuela, Mur 68420",4606163132087,luther.shanahan@example.net
Claudio Duenas Romo,1993-10-25,(+34) 991 709 92 65,"Entrada Claudio Polanco, 8 Esc. 321, Estepona, Ara 14301",4935320038626,santos.corwin@example.org
Gustavo Munoz Vela,1983-08-06,(+43) 776 797 19 36,"Quinta Alfredo, 28, Burgos, Can 12047",4336308181298195,reinaldo@example.net
Rosalia Mota Santana,1961-10-24,(+74) 258 891 11 47,"Puerta 397 Masía Josefina 5, San Sebastián, Vas 52315",4680403224609748,deeann@example.com
Felipe Alonso Guerra,1966-05-25,(+60) 534 254 98 52,"Bloque Marcos, 39, Cerdañola del Vallés, Nav 14044",4783460638627,fidel.flatley@example.net
Emilia Rendon Cervantez,1962-03-02,(+51) 601 219 14 91,"Esc. 517 Urbanización José Emilio, 3, Majadahonda, Vas 20539",4473901789499034,ofelia.oconner@example.net
David Amaya Garay,1998-05-14,(+73) 525 192 30 51,"Carretera Gabriel s/n. Puerta 349, Alcalá de Guadaira, Can 76867",4783644242965,nickolas.donnelly@example.org
Armando Ornelas Galindo,1953-09-22,(+46) 597 949 30 64,"Esc. 853 Colegio Laura Orellana 56 Puerta 963, Badalona, Cbr 44528",4939306452138489,danny@example.net
Sta Emilia Miranda Segovia,1983-06-19,(+96) 614 645 54 58,"Calleja Teodoro s/n. Puerta 811, Alicante, Leo 37572",4547855097424120,oralee@example.com
Sr Jacobo Flores Guardado,1955-02-19,(+89) 390 474 96 76,"Torrente José María, 2, Torremolinos, Cat 36538",4663239112111483,stacy@example.net
Lucia Lerma Vega,2001-06-20,(+55) 652 265 43 49,"Puerta 506 Polígono Ramiro Palomo, 61, Talavera de la Reina, Ext 05606",4991765979246,jeanene@example.net
Sr Eloisa Vega Rojo,1978-03-28,(+82) 532 556 46 90,"Caserio Ester Barela, 8, Lugo, Ext 02178",4447237243430,noelia.daniel@example.org
Jesus Caballero Abreu,1969-01-03,(+37) 138 967 87 78,"Muelle Micaela 9 Esc. 410, Torrejón de Ardoz, Can 90725",4855378759867953,latoya@example.net
Sta Jorge Luis Renteria Lopez,1977-05-03,(+14) 782 362 11 75,"Puerta 483 Salida Conchita Cintrón, 2 Esc. 981, Barcelona, Leo 14555",4194181318020,rosaura_marquardt@example.net
Hugo Fajardo Urbina,1954-06-07,(+88) 968 941 15 30,"Esc. 876 Entrada Eduardo Cepeda 8 Puerta 751, Orihuela, Com 45475",4477511598720,jamal@example.net
Ester Rodriquez Rios,1966-09-10,(+17) 878 235 92 20,"Puerta 115 Cuesta Ángela Abreu 1, Málaga, Mur 19415",4747870704295,lan@example.org
Rosa Casanova Leiva,1974-09-09,(+99) 104 212 64 20,"Travesía Mariana Rangel 44, Gandía, Mad 08242",4945765425755277,jason@example.net
Cristobal Baez Rendon,1968-10-02,(+80) 613 851 14 21,"Rua Ana Padilla 9, Mataró, Bal 01980",4329139302272424,mitsue.walker@example.com
Julio Cesar Lucio Matias,1964-02-03,(+36) 481 118 44 78,"Conjunto Marta Delgadillo, 8 Esc. 750, Alcalá de Henares, Vas 08247",4553177541291513,heidy.cremin@example.org
Anita Casanova Villalobos,1961-04-02,(+55) 486 264 22 96,"Puerta 994 Entrada Julia 2, Coslada, Com 09484",4758645094870,lanny@example.org
Sra Luis Olmos Jimenez,1994-07-07,(+83) 207 497 26 59,"Puerta 314 Ronda Isabel Arce s/n., Pontevedra, Rio 18423",4170597724647,roman@example.net
Guillermo Brito Medina,1972-04-24,(+87) 520 471 43 80,"Senda José Emilio s/n. Esc. 629, Irún, Mad 52302",4482926345360,sharice.kemmer@example.com
Ramiro Urena Collazo,1972-08-08,(+19) 909 637 53 35,"Puerta 816 Edificio Benjamín 86, Santiago de Compostela, Cbr 04887",4464111301145385,gerard.nienow@example.com
Sr Jeronimo Maestas Romo,1953-04-16,(+11) 267 231 32 84,"Camino Sara Alemán 3, Alcalá de Henares, Mur 10874",4516223246929167,domenic_schmeler@example.org
Ana Luisa Arenas Abeyta,1987-09-19,(+97) 398 422 19 19,"Colegio Magdalena s/n. Puerta 952, Irún, Ast 44021",4825335503704863,elana.bernier@example.org
Norma Munguia Chacon,1967-06-18,(+46) 814 567 56 25,"Puerta 586 Parque Jesús 5 Puerta 458, Segovia, Cbr 80051",4189937768187955,everette@example.net
Arturo Ontiveros Medina,1969-10-06,(+74) 999 640 42 61,"Quinta Daniel Ozuna, 26 Puerta 404, Cerdañola del Vallés, Ast 53606",4476294989364902,weston@example.net
Virginia Villalobos Lozada,1955-09-04,(+82) 310 790 31 26,"Esc. 195 Entrada Margarita, 67 Esc. 886, Hospitalet de LLobregat, Ast 99120",4391533447667246,shelly_crooks@example.com
Eva Carrera Cordova,1967-11-07,(+31) 898 697 28 85,"Esc. 918 Aldea José Reynoso 3, Almería, Gal 43990",4894144385681,dean.fadel@example.org
Sra Vicente Gaytan Cortez,1970-11-29,(+22) 131 813 87 87,"Puerta 180 Aldea Armando Sotelo 2 Esc. 284, Huelva, Man 67812",4548859863445,launa.ryan@example.org
Daniel Alonzo Nieto,1957-03-19,(+26) 983 466 33 66,"Rampa Susana Mondragón 29, Rivas-Vaciamadrid, Man 27625",4872781868607,leo.strosin@example.net
Elsa Cotto Delrio,1967-09-19,(+49) 896 888 52 78,"Puerta 975 Calleja Elena 79 Puerta 101, Palma de Mallorca, Ext 48842",4124472661406888,arden_davis@example.net
Norma Pacheco Martinez,1971-10-29,(+45) 343 150 18 97,"Puerta 733 Colonia David Zelaya s/n. Puerta 600, Segovia, Ast 11625",4211555726925,lucinda_terry@example.net
Julio Cesar Prieto Raya,1991-12-25,(+57) 277 455 27 60,"Esc. 937 Colonia Carlota Salinas, 9, Torrevieja, Gal 68224",4524296626932589,idalia_mohr@example.org
Rodrigo Contreras Suarez,1985-06-05,(+91) 955 758 98 91,"Puerta 819 Barrio Timoteo 8, Logroño, Ext 63741",4173274536573,werner@example.com
Victor Guerra Alejandro,1994-02-01,(+90) 650 442 16 84,"Masía Lourdes 7, Roquetas de Mar, Cat 10222",4622622009900748,antoine_prohaska@example.com
David Avila Rosado,1980-11-22,(+37) 320 508 60 45,"Esc. 630 Aldea Isabela s/n. Esc. 452, San Fernando, Rio 58384",4126962880560299,darrel.buckridge@example.com
Juana Rincon Cornejo,1962-12-28,(+82) 230 589 77 27,"Terrenos Estela, 23 Esc. 876, Torrelavega, Mad 37016",4338240591552,carri.leannon@example.org
Maria Teresa Alonzo Espinal,1985-04-27,(+56) 847 857 62 77,"Municipio Esperanza Santiago, 73 Puerta 771, Alcorcón, Man 51366",4499557731692,phil@example.com
Manuel Barrios Villegas,1964-03-26,(+21) 855 621 32 70,"Puerta 166 Polígono Nicolás s/n., Collado Villalba, Ast 89617",4369919231204,anissa@example.com
Alejandra Haro Corona,1992-01-09,(+61) 455 138 10 73,"Sector Conchita Almanza 3, Salamanca, Rio 81338",4423681107637,odell@example.org
Javier Polanco Amaya,1980-12-31,(+69) 158 558 99 12,"Glorieta Florencia Cotto 15 Puerta 229, Móstoles, Can 63876",4462388342205863,lan@example.org
Daniel Cervantez Tirado,1983-01-05,(+15) 133 703 46 35,"Puerta 312 Huerta Concepción Ybarra, 8 Puerta 626, Valdemoro, Vas 85989",4651893756575447,forrest.strosin@example.net
German Tellez Carrasco,1985-03-22,(+98) 963 632 74 69,"Puerta 143 Torrente Esperanza Bañuelos, 35 Esc. 810, Granada, Man 17921",4523899740532549,arnold.beatty@example.org
Sta Elsa Granados Murillo,1961-01-13,(+83) 977 885 56 38,"Solar Tomás, 8, San Fernando, Ast 15780",4800998299530,augustine@example.org
Mayte Orosco Gamez,1994-07-05,(+96) 134 126 11 73,"Lado Estela 7, Gandía, Bal 43811",4180504542743,francisca_brekke@example.org
Jose Emilio Mota Moreno,1995-07-25,(+22) 814 630 38 61,"Esc. 600 Sector David Flórez 38, Torrejón de Ardoz, Cat 87398",4557624463571,angeles@example.org
Mario Betancourt Baez,1987-05-08,(+20) 636 395 62 12,"Arrabal Jorge Godínez, 6, Viladecans, Com 84394",4939057744760,claris_jaskolski@example.com
Javier Quintero Pelayo,1971-06-19,(+75) 912 383 99 81,"Esc. 292 Glorieta Soledad Trejo, 7, Orihuela, Nav 01751",4211503994955,ozzie_russel@example.net
Felipe Urrutia Cantu,1956-08-31,(+63) 438 518 92 23,"Subida Eloisa 91 Puerta 111, Lugo, Cat 09669",4995118847232,jackie@example.com
Carlos Becerra Ruelas,1961-01-31,(+64) 666 456 47 72,"Puerta 481 Bloque Susana 31 Puerta 741, Santander, Gal 42381",4607324010088170,april@example.org
Carmen Zelaya Melendez,1974-02-06,(+10) 847 700 18 33,"Carretera Verónica Montoya 58 Esc. 904, Ceuta, Ara 99588",4270178311077,lelia@example.com
Marilu Cabrera Rosario,1991-03-09,(+71) 546 332 89 94,"Parcela Víctor Hurtado, 72, Telde, Cat 45258",4702106065386573,kevin@example.org
Soledad Vanegas Velasquez,2003-08-19,(+69) 727 962 90 87,"Puerta 599 Mercado Josefina, 2 Puerta 634, Baracaldo, Gal 44467",4425876625646635,jovita@example.org
Pablo Acevedo Molina,1963-10-20,(+42) 879 928 78 20,"Puerta 253 Sector Armando Montemayor s/n., Mérida, Com 02530",4680663871723536,garland@example.com
Sta Sofia Padron Vasquez,1956-12-11,(+94) 811 695 86 45,"Lado Octavio Polanco, 9 Puerta 821, Granada, Man 70902",4898987931006,toby@example.org
Hugo Correa Partida,1965-08-12,(+13) 811 598 82 13,"Urbanización Diego, 73, Valladolid, Gal 74161",4538472055966,deshawn@example.net
Miguel Urrutia Rivas,1971-01-27,(+20) 676 169 50 18,"Aldea Julio César Zapata, 69, Cuenta, And 12813",4295314316161471,wes@example.org
Rosa Escobedo Pena,2000-09-15,(+58) 682 630 24 55,"Esc. 448 Edificio Luz, 7, Mollet del Vallés, Nav 20630",4834982804021,elvia_moore@example.net
Andrea Terrazas Lomeli,1992-09-06,(+37) 313 160 52 94,"Calle Gabriel 4, Gijón, Nav 02894",4540444661231299,raguel@example.org
Ramona Vergara Patino,1978-04-24,(+91) 111 586 44 50,"Barrio Sonia, 8, Mijas, Cat 25019",4910075314842231,hiram_russel@example.net
Cristobal Linares Vigil,1972-06-14,(+47) 176 746 37 35,"Esc. 754 Colonia Julio César Luevano 6, Inca, And 52953",4306641700114,freddy@example.org
Sta Eva Mercado Terrazas,1974-11-15,(+16) 151 330 27 57,"Polígono Cecilia Escalante 8 Puerta 413, San Cristróbal de la Laguna, Cbr 24096",4989374931649533,dalton@example.com
Sra Alfonso Velasquez Guajardo,1997-10-05,(+98) 171 188 73 42,"Esc. 594 Parcela Hernán Osorio s/n. Esc. 573, Mérida, Gal 31125",4936547188293,dina_klocko@example.net
Sra Leonor Pulido Roque,1965-06-22,(+85) 606 308 50 18,"Esc. 304 Puente Mónica Adame s/n., El Ejido, Ara 07975",4670440093298,corey.muller@example.net
Sta Guillermo Muro Ferrer,1977-06-13,(+65) 733 547 96 90,"Esc. 218 Prolongación Lorena Noriega, 8 Esc. 181, Santander, Mur 78115",4419400433748877,scot.terry@example.com
Natalia Loya Alvarez,1999-01-26,(+14) 488 148 96 73,"Esc. 278 Riera Alicia 2 Esc. 842, Málaga, Mur 13389",4578131800675412,sammy@example.net
Federico Marin Alcaraz,1992-09-04,(+52) 616 301 96 46,"Esc. 423 Bloque Cristina Caraballo 58, Palma de Mallorca, Nav 44653",4717261299551,idella@example.org
Maria del Carmen Mascarenas Soto,1973-04-09,(+36) 938 797 92 57,"Esc. 806 Riera Carla, 21 Esc. 459, Motril, Ast 10303",4681706972869,emanuel@example.org
Sra Carlota Pena Garrido,2002-05-16,(+51) 174 928 78 64,"Arroyo Miguel Ángel s/n. Puerta 719, Badalona, Bal 57382",4223456713829,quintin_jakubowski@example.net
Teodoro Ozuna Marquez,1958-10-05,(+56) 808 460 14 73,"Masía Ignacio Cervántez s/n. Puerta 353, Las Palmas de Gran Canaria, Ast 08032",4790894844903,marita@example.org
Daniel Mendez Aponte,1958-11-16,(+81) 190 544 94 23,"Puerta 143 Travesía Luis Garza s/n., Cornellá de Llobregat, Mad 71012",4828284769676,ignacio_johnson@example.net
Cesar Quinones Solorzano,1970-08-27,(+78) 344 345 55 82,"Esc. 608 Rincón Ramiro 89, Granollers, Mur 94527",4684337473364,travis@example.org
Gregorio Hidalgo Olivares,1968-04-13,(+90) 876 660 36 75,"Colegio María Luisa 15, Motril, Can 46717",4396596610211097,juliana.kreiger@example.org
Sta Maria Jose Zapata Lemus,1952-10-03,(+10) 749 897 34 69,"Explanada Gabriela Alcala s/n. Puerta 407, Lérida, Ast 76331",4231093510733890,dee.kshlerin@example.org
Tomas Ybarra Gollum,1985-10-13,(+87) 405 961 34 67,"Colegio Víctor Valladares, 6, Móstoles, Mad 53084",4925513764012387,keely@example.net
Eva Robles Renteria,1972-07-23,(+43) 503 798 93 37,"Puerta 873 Mercado Elena 88 Esc. 725, La Coruña, Cbr 38693",4613622724546,ela@example.org
Mariana Coronado Barrera,1998-09-24,(+73) 405 698 17 68,"Parque Benjamín, 42, Orense, Leo 53810",4714413018559,shawn_satterfield@example.com
Cristina Fierro Solorzano,1956-10-15,(+15) 148 651 61 29,"Esc. 254 Sección Hernán Chapa 1 Puerta 542, Cáceres, Bal 46838",4463903507289,charlette.thompson@example.net
Graciela Trejo Villareal,2001-07-21,(+56) 126 764 26 71,"Vía Elisa s/n., Móstoles, Mad 91654",4269381604872,clemencia_rempel@example.net
Pablo Lebron Alvarado,1975-09-22,(+29) 886 204 67 39,"Esc. 245 Quinta Débora 88 Puerta 676, Benidorm, Mur 37665",4264514257474,felicitas@example.org
Santiago Concepcion Mireles,1958-10-15,(+51) 907 996 21 66,"Esc. 579 Rua Carmen Pulido, 11, Gijón, Vas 87714",4681205017285969,magdalene_tillman@example.net
Raul Sisneros Marrero,1991-12-25,(+69) 416 820 83 13,"Puerta 889 Avenida Lorenzo s/n. Puerta 496, Cuenta, Gal 76226",4395789496775,sage@example.org
Sra Raquel Salas Botello,1995-09-13,(+22) 943 275 32 25,"Avenida Daniela, 9 Esc. 482, Viladecans, Gal 83157",4608906720560602,eloy@example.net
Miguel Angel Velazquez Ocampo,1976-11-03,(+72) 938 170 29 31,"Esc. 690 Ferrocarril Guillermina Tapia, 6 Puerta 294, Sevilla, Rio 52656",4512848877668,lionel_botsford@example.org
Roberto Covarrubias Irizarry,1961-06-19,(+46) 721 324 12 28,"Barranco Benito 7 Puerta 886, Vitoria, Bal 94489",4182499629063831,norris_daniel@example.com
David Cerda Perales,1955-10-29,(+12) 349 989 46 79,"Puerta 517 Extramuros Horacio, 89, Santiago de Compostela, And 48742",4469379193784869,robby_graham@example.net
Reina Delafuente Terrazas,1987-04-26,(+68) 807 125 47 29,"Gran Subida Pedro Cano s/n., Cuenta, Ast 05413",4973721936259718,dominica.waelchi@example.com
Rodrigo Dominquez Alonzo,1960-07-12,(+66) 487 129 18 85,"Esc. 991 Bajada Guillermo Fonseca 6, La Coruña, And 10759",4359990497859844,annemarie@example.net
Salvador Ochoa Verdugo,1964-04-04,(+10) 991 180 50 43,"Plaza Adela Terrazas, 9, San Sebastián, Rio 38439",4756407144774101,harris.klocko@example.net
Jorge Armenta Griego,1992-07-18,(+98) 969 903 44 44,"Puerta 165 Vía Mercedes 69, Mataró, Bal 28814",4782326137031329,minta@example.net
Sr Luis Miguel Correa Palacios,1961-07-18,(+36) 634 562 50 52,"Carretera Ricardo, 9, Gerona, Nav 02487",4543044404913786,tad@example.org
Jose Eduardo Maya Zarate,1965-08-20,(+23) 897 654 60 18,"Puerta 199 Rampa Lucas Delvalle s/n., Alcalá de Guadaira, Vas 40749",4573899615171000,jeffry.ruecker@example.com
Sra Silvia Rojas Carrasco,1953-02-06,(+98) 880 549 57 33,"Puerta 132 Parcela Ignacio s/n. Puerta 833, Lorca, Nav 31714",4951279108781,louie@example.org
Sta Elena Barrios Ybarra,1958-01-20,(+85) 183 682 11 93,"Parque Soledad, 25, Benidorm, Ara 02549",4381864341500247,toshiko@example.org
Sta Gilberto Urias Abrego,1987-04-09,(+15) 477 321 17 23,"Rua Carlos Arevalo, 73, Ceuta, Cbr 20267",4340416898776066,alane@example.com
Sr Hernan Becerra Espinosa,1956-01-13,(+52) 434 693 58 34,"Parcela José Luis Magaña 6 Puerta 713, Linares, Rio 05866",4833363189861,anita@example.org
Yolanda Echevarria Covarrubias,1954-01-16,(+86) 165 994 66 37,"Arroyo Magdalena Mejía, 5 Puerta 650, Lugo, Cat 10917",4673703195408742,jules_gerhold@example.com
Sra Ramon Zamudio Caballero,1997-06-20,(+62) 372 600 52 30,"Huerta Rodrigo Rosales 4 Puerta 478, Torrevieja, Ast 65365",4934838666085,rosario.hegmann@example.org
Caridad Tellez Apodaca,1977-03-13,(+28) 608 807 65 47,"Torrente Teodoro Valdés 15 Esc. 525, El Puerto de Santa María, Cbr 23572",4842875900178,kurt_jakubowski@example.com
Ramiro Alarcon Saenz,1983-04-04,(+39) 361 479 62 64,"Solar Martín 1, Elda, Mad 33793",4864155268985,karri@example.org
Mayte Acevedo Ledesma,1955-11-06,(+84) 480 403 93 45,"Esc. 529 Riera Carlos 13, Mijas, Mad 90801",4393459124041,eusebia_hilpert@example.com
Rosario Corral Acuna,1975-01-09,(+83) 113 473 27 24,"Puerta 468 Rambla Emilio s/n., Lérida, Can 46550",4498837912720311,rolland_koch@example.com
Julio Agosto Moya,1972-02-11,(+97) 625 635 51 25,"Esc. 894 Lado Micaela Alaniz s/n. Puerta 742, Motril, Cbr 38641",4456440920046785,frederica_senger@example.org
Ramiro Chacon Godoy,1975-03-12,(+36) 290 840 95 92,"Esc. 481 Jardines Martín Calderón, 5, Valdemoro, Leo 97246",4335751830963431,brock@example.org
Jorge Puente Acevedo,1975-04-18,(+92) 468 403 72 52,"Esc. 190 Mercado Juana Pantoja, 1 Puerta 279, Santa Cruz de Tenerife, Cat 35831",4385005475224,patricia_barton@example.org
Carolina Cabrera Pantoja,1955-05-10,(+49) 462 158 30 99,"Esc. 701 Arroyo Octavio Delafuente 60 Esc. 730, Ponferrada, Gal 07456",4281614552067,lavonne@example.org
Sra Javier Castaneda Abeyta,2003-03-30,(+34) 983 759 36 61,"Lado Horacio 6 Esc. 456, Pamplona, Ext 99993",4119349837445510,geri.bartoletti@example.org
Gerardo Mejia Tamez,1985-11-29,(+33) 272 561 16 31,"Sector Claudia 1 Puerta 254, La Línea de la Concepción, Rio 21979",4151169434310,anamaria@example.org
Julio Llamas Bravo,1994-07-26,(+39) 285 318 15 36,"Barrio Ester Cadena, 52 Puerta 583, Rubí, Ara 83377",4604152093372044,garret.wiegand@example.net
Estela Rael Verdugo,1986-10-01,(+98) 119 262 90 17,"Esc. 881 Barrio Arturo Regalado s/n., Cáceres, Leo 94590",4215419167885693,rogelio@example.net
Blanca Aguilera Cadena,1991-04-19,(+58) 667 452 59 64,"Puerta 478 Huerta Jesús, 3 Puerta 353, Marbella, Bal 30042",4826765811090,luther_anderson@example.com
Sr Marcos Rascon Zepeda,1953-08-27,(+72) 139 631 56 71,"Esc. 174 Terrenos Lucia Granados s/n., Ceuta, Com 15746",4253613833368,haywood_bartell@example.org
Roberto Gracia Ybarra,1968-06-23,(+11) 660 373 61 75,"Puerta 107 Bajada Margarita 59 Esc. 417, Mataró, And 58068",4620445288575,pete_wilkinson@example.org
Roberto Sandoval Roybal,1958-08-28,(+28) 507 352 44 82,"Esc. 409 Avenida María Teresa González 38, Málaga, Leo 45093",4633895531740371,lucrecia_bradtke@example.org
Gerardo Zavala Olivares,1971-03-31,(+60) 661 580 24 73,"Puerta 158 Entrada Fernando 58, Badalona, Vas 87732",4481036395554,minh_hirthe@example.com
Sr Berta Rincon Medina,1998-05-27,(+59) 661 501 55 27,"Esc. 629 Solar Rodrigo, 44 Esc. 938, Santander, Leo 20078",4256766439690834,cristin_maggio@example.org
Eva Chavarria Iglesias,1969-12-01,(+19) 340 117 18 22,"Esc. 153 Huerta Enrique Madrigal s/n., Córdoba, Mad 18857",4740637356701850,zack@example.com
Jacobo Reynoso Mascarenas,1991-05-30,(+23) 681 876 28 65,"Colegio Jorge Luis 3 Puerta 964, Gijón, Mur 54695",4902472381998,randall_rosenbaum@example.com
Marcos Amador Jaquez,1996-06-10,(+52) 163 681 68 55,"Barranco Conchita Cortés 57, Benalmádena, Mur 71900",4961630365293,mayra_douglas@example.com
Roberto Serrano Botello,1958-02-24,(+39) 509 732 27 95,"Puerta 690 Extrarradio Benito Coronado 3, Mérida, Ara 33724",4738960136159,tammy.gutmann@example.net
Graciela Esquibel Apodaca,1961-06-17,(+24) 450 467 28 61,"Glorieta Alicia Quiñónez, 2, Alcobendas, Man 14587",4736652992327,jutta@example.com
Sta Graciela Cazares Ocasio,1980-03-20,(+42) 725 859 39 34,"Puerta 762 Extramuros Benjamín Reyes 6 Esc. 319, Telde, Can 08522",4863409023667,luciano@example.org
Marcos Cantu Arteaga,1956-12-26,(+64) 275 190 67 33,"Esc. 275 Extrarradio Elsa, 2, Viladecans, Mur 71576",4705263183124944,verlene@example.org
Pilar Narvaez Ledesma,1959-07-21,(+78) 241 978 39 96,"Caserio Teresa Cortés, 87, Rivas-Vaciamadrid, Com 02567",4127624687062460,cherryl_baumbach@example.com
Rocio Rael Torres,2000-05-18,(+49) 419 285 95 88,"Bloque Dolores 5, Granollers, Can 59419",4490845998854,louis@example.org
Barbara Salcedo Polanco,1957-08-13,(+29) 854 411 34 56,"Terrenos Diego 2 Esc. 528, Santander, Com 27085",4770779808660,sandi_hoeger@example.com
Maricarmen Tejada Ramos,1980-12-02,(+67) 759 363 19 27,"Polígono Diego 95, Pamplona, Gal 94731",4898701828199,eldon@example.com
Sra Pablo Garica Abeyta,1975-04-05,(+38) 672 674 60 10,"Explanada Roberto s/n. Puerta 898, Reus, Gal 03241",4970225293310232,daren@example.org
Sra Julio Cesar Madrid Pacheco,1964-06-14,(+73) 486 429 45 71,"Bloque Óscar 34 Esc. 497, Orense, Can 55684",4995653303906,matthew.walsh@example.net
Catalina Mendoza Cortes,1999-01-29,(+71) 748 355 21 65,"Esc. 780 Camino Daniel, 6, Sanlúcar de Barrameda, Can 84992",4425997488999,maximo_auer@example.org
Juan Carlos Quintero Avila,1987-11-05,(+88) 286 396 14 25,"Esc. 992 Torrente Nicolás s/n., Santiago de Compostela, Leo 23971",4905237342965,tony_carter@example.org
Rodrigo Rojas Rivas,1960-04-19,(+39) 743 432 33 18,"Esc. 737 Bajada Blanca Baeza s/n., Fuengirola, Cat 57436",4682059090939466,shelba@example.com
Yolanda Rangel Abrego,1994-12-16,(+25) 968 438 51 24,"Esc. 486 Lado Ester Piña 38, Guadalajara, Ast 11810",4126415742872,jeffrey@example.net
Pedro Menchaca Saavedra,1973-02-13,(+13) 950 897 15 84,"Esc. 249 Huerta Pilar, 1 Esc. 203, Zaragoza, Ext 52677",4979573658979,kaye.fadel@example.com
Julia Laureano Cervantez,2001-02-27,(+20) 436 273 89 63,"Puerta 536 Quinta Estela Zamudio, 63, Cádiz, Cbr 98712",4415759836485,lura@example.org
Carolina Hidalgo Ulibarri,1980-02-09,(+67) 176 819 18 78,"Puerta 811 Polígono Ramón, 42 Esc. 327, Ponferrada, Nav 69606",4626973995462656,johanna@example.net
Pedro Munguia Rico,1978-09-06,(+12) 554 604 95 64,"Puerta 804 Vía María José Ramón, 1 Esc. 317, Torrejón de Ardoz, Com 44318",4986420170751,kali@example.org
Sr Jose Emilio Burgos Nevarez,1962-12-27,(+16) 604 403 71 54,"Bloque Mariana, 32 Puerta 181, Getafe, Mad 98493",4971789138474,danilo_collier@example.com
Lucas Arevalo Montes,1974-04-06,(+69) 438 871 15 25,"Parque Isabel 74, Lorca, Ast 29337",4142847079650,darrick@example.net
Claudio Villareal Apodaca,2002-03-26,(+86) 640 303 74 79,"Esc. 633 Bajada Cristian 37 Puerta 855, Leganés, Cbr 14109",4757834028921,imogene.koss@example.com
Sta Alfredo Rendon Olivares,1998-04-19,(+15) 964 967 84 56,"Esc. 423 Vía Pública Julia, 4, Fuengirola, Ext 53193",4490878216927,ariel@example.net
Sr Andrea Montemayor Gomez,1987-12-03,(+92) 210 838 83 46,"Esc. 176 Bajada Laura, 6, Mataró, Vas 45526",4656187751093026,cheryl.daugherty@example.com
Maria Ramon Urias,2001-08-27,(+92) 544 419 62 13,"Puerta Eva, 15, Logroño, Gal 93492",4878378210670437,majorie.kautzer@example.net
Lola Montero Ulloa,1953-10-25,(+82) 377 427 30 24,"Puerta 967 Urbanización Cristobal Zaragoza 10, Vitoria, Cbr 48615",4580674152135804,eddie@example.org
Hernan Sisneros Jurado,1990-06-08,(+85) 917 628 21 51,"Calleja Margarita, 68 Esc. 511, San Cristróbal de la Laguna, Mad 89965",4887558643945337,randy@example.net
Eva Cornejo Pabon,1955-04-25,(+68) 819 937 49 66,"Lugar Isabel Avilés s/n., Málaga, Ext 83210",4190088094086,kareem_stiedemann@example.org
Marta Castellanos Chavarria,1996-02-15,(+35) 441 548 17 79,"Jardines Marcela Oquendo 3, Orense, Vas 40306",4518529332105,maryln@example.org
Olivia Nieves Bahena,1992-04-17,(+26) 242 464 45 96,"Esc. 302 Masía Cristian Alfaro, 45, Mataró, Nav 58278",4227912521600796,donnette@example.com
Teodoro Zepeda Rosado,1996-08-18,(+97) 108 397 12 33,"Pasaje Jorge Luis, 1 Puerta 399, San Fernando, Bal 76072",4134315096498,krishna.rutherford@example.org
Sta Daniel Bustamante Soria,1999-11-04,(+70) 246 193 29 51,"Esc. 104 Partida Miguel 31 Esc. 807, Vitoria, Mur 25622",4656638377165499,ramiro_baumbach@example.org
Sr Andrea Valdez Roldan,1966-04-14,(+96) 544 464 11 47,"Jardines Irene 55 Puerta 149, Rivas-Vaciamadrid, Rio 35569",4526137766699752,andres.casper@example.com
Samuel Estevez Soto,1974-05-08,(+45) 263 306 26 10,"Esc. 750 Ramal Isabela, 95 Esc. 513, Granada, Ext 89151",4271020599479260,gregoria@example.net
Claudio Cabrera Giron,1969-08-05,(+62) 511 684 35 75,"Bajada Francisca, 53, Sanlúcar de Barrameda, Mur 42094",4922617197885872,royce@example.com
Margarita Rodrigez Resendez,1959-07-17,(+31) 812 413 24 86,"Polígono Rosario, 6 Esc. 174, Benalmádena, Can 05586",4380974812588455,morgan@example.org
Sra Carla Meraz Loya,1966-03-28,(+55) 246 180 55 24,"Esc. 790 Partida José Garica, 98, Santander, Mad 18782",4395365638857,jose@example.com
Ruben Iglesias Saucedo,1994-01-06,(+58) 709 406 12 50,"Puerta 181 Polígono Graciela 4 Puerta 556, Motril, Ast 27412",4330939164031,morris@example.net
Adela Valles Caballero,1996-11-17,(+46) 500 621 32 13,"Edificio Andrea 24, Huelva, Man 36394",4397916698530391,josephina.dickens@example.net
Federico Bermudez Alonzo,1979-02-28,(+32) 644 388 11 13,"Ferrocarril Luisa, 4, Rubí, Leo 75155",4670676471542066,odell@example.com
